Transcript PK, Syllable PK, Sequence PK
aɪkɒnz, aɪk, 1
aɪkɒnz, kɒ, 2
aɪkɒnz, ɒn, 3
aɪsbɜːg, aɪs, 1
aɪsbɜːg, bɜː, 2
aɪsbɜːg, ɜːg, 3
aɪədiːn, ɪəd, 1
aɪədiːn, diː, 2
aɪədiːn, iːn, 3
aʊtkrɒp, aʊt, 1
aʊtkrɒp, rɒ, 2
aʊtkrɒp, ɒp, 3
aʊtpeɪst, aʊt, 1
aʊtpeɪst, peɪ, 2
aʊtpeɪst, eɪs, 3
aʊtpəfɔːmɪŋ, aʊt, 1
aʊtpəfɔːmɪŋ, pə, 2
aʊtpəfɔːmɪŋ, əf, 3
aʊtpəfɔːmɪŋ, fɔː, 4
aʊtpəfɔːmɪŋ, ɔːm, 5
aʊtpəfɔːmɪŋ, mɪ, 6
aʊtpəfɔːmɪŋ, ɪŋ, 7
aʊtpəʊsts, aʊt, 1
aʊtpəʊsts, pəʊ, 2
aʊtpəʊsts, əʊs, 3
aʊtskɜːts, aʊt, 1
aʊtskɜːts, kɜː, 2
aʊtskɜːts, ɜːt, 3
aʊtspendɪŋ, aʊt, 1
aʊtspendɪŋ, pe, 2
aʊtspendɪŋ, en, 3
aʊtspendɪŋ, dɪ, 4
aʊtspendɪŋ, ɪŋ, 5
aʊtstrɪpɪŋ, aʊt, 1
aʊtstrɪpɪŋ, rɪ, 2
aʊtstrɪpɪŋ, ɪp, 3
aʊtstrɪpɪŋ, pɪ, 4
aʊtstrɪpɪŋ, ɪŋ, 5
bægpaɪpsiz, bæ, 1
bægpaɪpsiz, æg, 2
bægpaɪpsiz, paɪ, 3
bægpaɪpsiz, aɪp, 4
bægpaɪpsiz, si, 5
bægpaɪpsiz, iz, 6
dedli_naɪtʃeɪd, de, 1
dedli_naɪtʃeɪd, ed, 2
dedli_naɪtʃeɪd, li, 3
dedli_naɪtʃeɪd, naɪ, 4
dedli_naɪtʃeɪd, aɪtʃ, 5
dedli_naɪtʃeɪd, tʃeɪ, 6
dedli_naɪtʃeɪd, eɪd, 7
dʒenəreɪʃənl, dʒe, 1
dʒenəreɪʃənl, en, 2
dʒenəreɪʃənl, nə, 3
dʒenəreɪʃənl, ər, 4
dʒenəreɪʃənl, reɪ, 5
dʒenəreɪʃənl, eɪʃ, 6
dʒenəreɪʃənl, ʃə, 7
dʒenəreɪʃənl, ən, 8
dʒerimændərɪŋ, dʒe, 1
dʒerimændərɪŋ, er, 2
dʒerimændərɪŋ, ri, 3
dʒerimændərɪŋ, im, 4
dʒerimændərɪŋ, mæ, 5
dʒerimændərɪŋ, æn, 6
dʒerimændərɪŋ, də, 7
dʒerimændərɪŋ, ər, 8
dʒerimændərɪŋ, rɪ, 9
dʒerimændərɪŋ, ɪŋ, 10
dʒet_skiːɪŋ, dʒe, 1
dʒet_skiːɪŋ, et, 2
dʒet_skiːɪŋ, kiː, 3
dʒet_skiːɪŋ, ɪŋ, 4
dʒiːnz, dʒiː, 1
dʒiːnz, iːn, 2
dʒæb, dʒæ, 1
dʒæb, æb, 2
dʒərɑːfs, dʒə, 1
dʒərɑːfs, ər, 2
dʒərɑːfs, rɑː, 3
dʒərɑːfs, ɑːf, 4
dʒɪmz, dʒɪ, 1
dʒɪmz, ɪm, 2
dʒɪndʒər, dʒɪ, 1
dʒɪndʒər, ɪn, 2
dʒɪndʒər, dʒə, 3
dʒɪndʒər, ər, 4
dʒʌmbld, dʒʌ, 1
dʒʌmbld, ʌm, 2
faɪnd, faɪ, 1
faɪnd, aɪn, 2
faɪnz, faɪ, 1
faɪnz, aɪn, 2
faɪnəlɪsts, faɪ, 1
faɪnəlɪsts, aɪn, 2
faɪnəlɪsts, nə, 3
faɪnəlɪsts, əl, 4
faɪnəlɪsts, lɪ, 5
faɪnəlɪsts, ɪs, 6
faɪtər, faɪ, 1
faɪtər, aɪt, 2
faɪtər, tə, 3
faɪtər, ər, 4
feləni, fe, 1
feləni, el, 2
feləni, lə, 3
feləni, ən, 4
feləni, ni, 5
felər, fe, 1
felər, el, 2
felər, lə, 3
felər, ər, 4
festɪvətiz, fe, 1
festɪvətiz, es, 2
festɪvətiz, tɪ, 3
festɪvətiz, ɪv, 4
festɪvətiz, və, 5
festɪvətiz, ət, 6
festɪvətiz, ti, 7
festɪvətiz, iz, 8
fetlɒk, fe, 1
fetlɒk, et, 2
fetlɒk, lɒ, 3
fetlɒk, ɒk, 4
feɪvərɪtɪzəm, feɪ, 1
feɪvərɪtɪzəm, eɪv, 2
feɪvərɪtɪzəm, və, 3
feɪvərɪtɪzəm, ər, 4
feɪvərɪtɪzəm, rɪ, 5
feɪvərɪtɪzəm, ɪt, 6
feɪvərɪtɪzəm, tɪ, 7
feɪvərɪtɪzəm, ɪz, 8
feɪvərɪtɪzəm, zə, 9
feɪvərɪtɪzəm, əm, 10
fiːt, fiː, 1
fiːt, iːt, 2
fiːvərz, fiː, 1
fiːvərz, iːv, 2
fiːvərz, və, 3
fiːvərz, ər, 4
fjuːdʒətɪviz, juː, 1
fjuːdʒətɪviz, uːdʒ, 2
fjuːdʒətɪviz, dʒə, 3
fjuːdʒətɪviz, ət, 4
fjuːdʒətɪviz, tɪ, 5
fjuːdʒətɪviz, ɪv, 6
fjuːdʒətɪviz, vi, 7
fjuːdʒətɪviz, iz, 8
fjuːzɪŋ, juː, 1
fjuːzɪŋ, uːz, 2
fjuːzɪŋ, zɪ, 3
fjuːzɪŋ, ɪŋ, 4
flaʊtɪŋ, laʊ, 1
flaʊtɪŋ, aʊt, 2
flaʊtɪŋ, tɪ, 3
flaʊtɪŋ, ɪŋ, 4
flægʃɪp, læ, 1
flægʃɪp, æg, 2
flægʃɪp, ʃɪ, 3
flægʃɪp, ɪp, 4
flɔːbɔːd, lɔː, 1
flɔːbɔːd, ɔːb, 2
flɔːbɔːd, bɔː, 3
flɔːbɔːd, ɔːd, 4
flɔːnts, lɔː, 1
flɔːnts, ɔːn, 2
flɔːrəl, lɔː, 1
flɔːrəl, ɔːr, 2
flɔːrəl, rə, 3
flɔːrəl, əl, 4
fləmɪŋgəʊz, lə, 1
fləmɪŋgəʊz, əm, 2
fləmɪŋgəʊz, mɪ, 3
fləmɪŋgəʊz, ɪŋ, 4
fləmɪŋgəʊz, gəʊ, 5
fləmɪŋgəʊz, əʊz, 6
flɪp, lɪ, 1
flɪp, ɪp, 2
flʌfi, lʌ, 1
flʌfi, ʌf, 2
flʌfi, fi, 3
fraɪz, raɪ, 1
fraɪz, aɪz, 2
freɪd, reɪ, 1
freɪd, eɪd, 2
freɪgrənt, reɪ, 1
freɪgrənt, eɪg, 2
freɪgrənt, rə, 3
freɪgrənt, ən, 4
frikwentɪd, ri, 1
frikwentɪd, ik, 2
frikwentɪd, we, 3
frikwentɪd, en, 4
frikwentɪd, tɪ, 5
frikwentɪd, ɪd, 6
friːkwənt, riː, 1
friːkwənt, iːk, 2
friːkwənt, wə, 3
friːkwənt, ən, 4
friːkɪʃ, riː, 1
friːkɪʃ, iːk, 2
friːkɪʃ, kɪ, 3
friːkɪʃ, ɪʃ, 4
friːz, riː, 1
friːz, iːz, 2
fræktʃər, ræ, 1
fræktʃər, æk, 2
fræktʃər, tʃə, 3
fræktʃər, ər, 4
fræntʃaɪziz, ræ, 1
fræntʃaɪziz, æn, 2
fræntʃaɪziz, tʃaɪ, 3
fræntʃaɪziz, aɪz, 4
fræntʃaɪziz, zi, 5
fræntʃaɪziz, iz, 6
frɒsti, rɒ, 1
frɒsti, ɒs, 2
frɒsti, ti, 3
frʌntlaɪn, rʌ, 1
frʌntlaɪn, ʌn, 2
frʌntlaɪn, laɪ, 3
frʌntlaɪn, aɪn, 4
frʌstreɪʃnz, rʌ, 1
frʌstreɪʃnz, ʌs, 2
frʌstreɪʃnz, reɪ, 3
frʌstreɪʃnz, eɪʃ, 4
fɒnd, fɒ, 1
fɒnd, ɒn, 2
fɔːmældɪhaɪd, fɔː, 1
fɔːmældɪhaɪd, ɔːm, 2
fɔːmældɪhaɪd, mæ, 3
fɔːmældɪhaɪd, æl, 4
fɔːmældɪhaɪd, dɪ, 5
fɔːmældɪhaɪd, ɪh, 6
fɔːmældɪhaɪd, haɪ, 7
fɔːmældɪhaɪd, aɪd, 8
fɔːsiːn, fɔː, 1
fɔːsiːn, ɔːs, 2
fɔːsiːn, siː, 3
fɔːsiːn, iːn, 4
fəgɪvnəs, fə, 1
fəgɪvnəs, əg, 2
fəgɪvnəs, gɪ, 3
fəgɪvnəs, ɪv, 4
fəgɪvnəs, nə, 5
fəgɪvnəs, əs, 6
fəment, fə, 1
fəment, əm, 2
fəment, me, 3
fəment, en, 4
fəmentɪd, fə, 1
fəmentɪd, əm, 2
fəmentɪd, me, 3
fəmentɪd, en, 4
fəmentɪd, tɪ, 5
fəmentɪd, ɪd, 6
fətæləti, fə, 1
fətæləti, ət, 2
fətæləti, tæ, 3
fətæləti, æl, 4
fətæləti, lə, 5
fətæləti, ət, 6
fətæləti, ti, 7
fəʊliɪdʒ, fəʊ, 1
fəʊliɪdʒ, əʊl, 2
fəʊliɪdʒ, li, 3
fəʊliɪdʒ, ɪdʒ, 4
fəʊm, fəʊ, 1
fəʊm, əʊm, 2
fəʊtəʊdʒenɪk, fəʊ, 1
fəʊtəʊdʒenɪk, əʊt, 2
fəʊtəʊdʒenɪk, təʊ, 3
fəʊtəʊdʒenɪk, əʊdʒ, 4
fəʊtəʊdʒenɪk, dʒe, 5
fəʊtəʊdʒenɪk, en, 6
fəʊtəʊdʒenɪk, nɪ, 7
fəʊtəʊdʒenɪk, ɪk, 8
fəʊtəʊsɪnθəsaɪz, fəʊ, 1
fəʊtəʊsɪnθəsaɪz, əʊt, 2
fəʊtəʊsɪnθəsaɪz, təʊ, 3
fəʊtəʊsɪnθəsaɪz, əʊs, 4
fəʊtəʊsɪnθəsaɪz, sɪ, 5
fəʊtəʊsɪnθəsaɪz, ɪn, 6
fəʊtəʊsɪnθəsaɪz, θə, 7
fəʊtəʊsɪnθəsaɪz, əs, 8
fəʊtəʊsɪnθəsaɪz, saɪ, 9
fəʊtəʊsɪnθəsaɪz, aɪz, 10
fɜːst_hænd, fɜː, 1
fɜːst_hænd, ɜːs, 2
fɜːst_hænd, hæ, 3
fɜːst_hænd, æn, 4
fɪgəriːn, fɪ, 1
fɪgəriːn, ɪg, 2
fɪgəriːn, gə, 3
fɪgəriːn, ər, 4
fɪgəriːn, riː, 5
fɪgəriːn, iːn, 6
fɪlɪt, fɪ, 1
fɪlɪt, ɪl, 2
fɪlɪt, lɪ, 3
fɪlɪt, ɪt, 4
fɪzɪsɪst, fɪ, 1
fɪzɪsɪst, ɪz, 2
fɪzɪsɪst, zɪ, 3
fɪzɪsɪst, ɪs, 4
fɪzɪsɪst, sɪ, 5
fɪzɪsɪst, ɪs, 6
fɪələsiz, fɪə, 1
fɪələsiz, ɪəl, 2
fɪələsiz, lə, 3
fɪələsiz, əs, 4
fɪələsiz, si, 5
fɪələsiz, iz, 6
fʊtbɔːlər, fʊ, 1
fʊtbɔːlər, ʊt, 2
fʊtbɔːlər, bɔː, 3
fʊtbɔːlər, ɔːl, 4
fʊtbɔːlər, lə, 5
fʊtbɔːlər, ər, 6
fʌs, fʌ, 1
fʌs, ʌs, 2
fʌŋki, fʌ, 1
fʌŋki, ʌŋ, 2
fʌŋki, ki, 3
geɪzɪz, geɪ, 1
geɪzɪz, eɪz, 2
geɪzɪz, zɪ, 3
giː, giː, 1
glæməraɪzd, læ, 1
glæməraɪzd, æm, 2
glæməraɪzd, mə, 3
glæməraɪzd, ər, 4
glæməraɪzd, raɪ, 5
glæməraɪzd, aɪz, 6
glɔːrɪfaɪ, lɔː, 1
glɔːrɪfaɪ, ɔːr, 2
glɔːrɪfaɪ, rɪ, 3
glɔːrɪfaɪ, ɪf, 4
glɔːrɪfaɪ, faɪ, 5
graʊndwɔːtər, raʊ, 1
graʊndwɔːtər, aʊn, 2
graʊndwɔːtər, wɔː, 3
graʊndwɔːtər, ɔːt, 4
graʊndwɔːtər, tə, 5
graʊndwɔːtər, ər, 6
greɪpfruːt, reɪ, 1
greɪpfruːt, eɪp, 2
greɪpfruːt, ruː, 3
greɪpfruːt, uːt, 4
greɪviz, reɪ, 1
greɪviz, eɪv, 2
greɪviz, vi, 3
greɪviz, iz, 4
greɪz, reɪ, 1
greɪz, eɪz, 2
gruːəlɪŋ, ruː, 1
gruːəlɪŋ, əl, 2
gruːəlɪŋ, lɪ, 3
gruːəlɪŋ, ɪŋ, 4
grændɪst, ræ, 1
grændɪst, æn, 2
grændɪst, dɪ, 3
grændɪst, ɪs, 4
græntʃaɪld, ræ, 1
græntʃaɪld, æn, 2
græntʃaɪld, tʃaɪ, 3
græntʃaɪld, aɪl, 4
grætɪfaɪɪŋ, ræ, 1
grætɪfaɪɪŋ, æt, 2
grætɪfaɪɪŋ, tɪ, 3
grætɪfaɪɪŋ, ɪf, 4
grætɪfaɪɪŋ, faɪ, 5
grætɪfaɪɪŋ, ɪŋ, 6
grɒtəʊz, rɒ, 1
grɒtəʊz, ɒt, 2
grɒtəʊz, təʊ, 3
grɒtəʊz, əʊz, 4
grɪzli, rɪ, 1
grɪzli, ɪz, 2
grɪzli, li, 3
grʌbz, rʌ, 1
grʌbz, ʌb, 2
gædʒɪtri, gæ, 1
gædʒɪtri, ædʒ, 2
gædʒɪtri, dʒɪ, 3
gædʒɪtri, ɪt, 4
gædʒɪtri, ri, 5
gæləksi, gæ, 1
gæləksi, æl, 2
gæləksi, lə, 3
gæləksi, ək, 4
gæləksi, si, 5
gærəntiːz, gæ, 1
gærəntiːz, ær, 2
gærəntiːz, rə, 3
gærəntiːz, ən, 4
gærəntiːz, tiː, 5
gærəntiːz, iːz, 6
gæstrɒnəmi, gæ, 1
gæstrɒnəmi, æs, 2
gæstrɒnəmi, rɒ, 3
gæstrɒnəmi, ɒn, 4
gæstrɒnəmi, nə, 5
gæstrɒnəmi, əm, 6
gæstrɒnəmi, mi, 7
gɑːnəd, gɑː, 1
gɑːnəd, ɑːn, 2
gɑːnəd, nə, 3
gɑːnəd, əd, 4
gɑːnɪʃt, gɑː, 1
gɑːnɪʃt, ɑːn, 2
gɑːnɪʃt, nɪ, 3
gɑːnɪʃt, ɪʃ, 4
gɒdesiz, gɒ, 1
gɒdesiz, ɒd, 2
gɒdesiz, de, 3
gɒdesiz, es, 4
gɒdesiz, si, 5
gɒdesiz, iz, 6
gɒlfər, gɒ, 1
gɒlfər, ɒl, 2
gɒlfər, fə, 3
gɒlfər, ər, 4
gɔːdʒiz, gɔː, 1
gɔːdʒiz, ɔːdʒ, 2
gɔːdʒiz, dʒi, 3
gɔːdʒiz, iz, 4
gəʊ, gəʊ, 1
gəʊ_tuː, gəʊ, 1
gəʊ_tuː, tuː, 2
gəʊt, gəʊ, 1
gəʊt, əʊt, 2
gɪtɑːrz, gɪ, 1
gɪtɑːrz, ɪt, 2
gɪtɑːrz, tɑː, 3
gɪtɑːrz, ɑːr, 4
gɪðeəri, gɪ, 1
gɪðeəri, ɪð, 2
gɪðeəri, ðeə, 3
gɪðeəri, eər, 4
gɪðeəri, ri, 5
gʌnʃɒt, gʌ, 1
gʌnʃɒt, ʌn, 2
gʌnʃɒt, ʃɒ, 3
gʌnʃɒt, ɒt, 4
gʌnʃɒts, gʌ, 1
gʌnʃɒts, ʌn, 2
gʌnʃɒts, ʃɒ, 3
gʌnʃɒts, ɒt, 4
gʌnʃɪp, gʌ, 1
gʌnʃɪp, ʌn, 2
gʌnʃɪp, ʃɪ, 3
gʌnʃɪp, ɪp, 4
haɪ_prəʊfaɪl, haɪ, 1
haɪ_prəʊfaɪl, rəʊ, 2
haɪ_prəʊfaɪl, əʊf, 3
haɪ_prəʊfaɪl, faɪ, 4
haɪ_prəʊfaɪl, aɪl, 5
haɪdʒækt, haɪ, 1
haɪdʒækt, aɪdʒ, 2
haɪdʒækt, dʒæ, 3
haɪdʒækt, æk, 4
haɪtnd, haɪ, 1
haɪtnd, aɪt, 2
hedbɔːd, he, 1
hedbɔːd, ed, 2
hedbɔːd, bɔː, 3
hedbɔːd, ɔːd, 4
hedlaɪnər, he, 1
hedlaɪnər, ed, 2
hedlaɪnər, laɪ, 3
hedlaɪnər, aɪn, 4
hedlaɪnər, nə, 5
hedlaɪnər, ər, 6
hedlɒk, he, 1
hedlɒk, ed, 2
hedlɒk, lɒ, 3
hedlɒk, ɒk, 4
hekld, he, 1
hekld, ek, 2
hel_bent, he, 1
hel_bent, el, 2
hel_bent, be, 3
hel_bent, en, 4
helpləsiz, he, 1
helpləsiz, el, 2
helpləsiz, lə, 3
helpləsiz, əs, 4
helpləsiz, si, 5
helpləsiz, iz, 6
heəstaɪlz, heə, 1
heəstaɪlz, eəs, 2
heəstaɪlz, taɪ, 3
heəstaɪlz, aɪl, 4
heɪnəsiz, heɪ, 1
heɪnəsiz, eɪn, 2
heɪnəsiz, nə, 3
heɪnəsiz, əs, 4
heɪnəsiz, si, 5
heɪnəsiz, iz, 6
hiːl, hiː, 1
hiːl, iːl, 2
hjuːdʒli, juː, 1
hjuːdʒli, uːdʒ, 2
hjuːdʒli, li, 3
hjuːmeɪnli, juː, 1
hjuːmeɪnli, uːm, 2
hjuːmeɪnli, meɪ, 3
hjuːmeɪnli, eɪn, 4
hjuːmeɪnli, li, 5
hjuːmərɪst, juː, 1
hjuːmərɪst, uːm, 2
hjuːmərɪst, mə, 3
hjuːmərɪst, ər, 4
hjuːmərɪst, rɪ, 5
hjuːmərɪst, ɪs, 6
huːv, huː, 1
huːv, uːv, 2
hælbɜːd, hæ, 1
hælbɜːd, æl, 2
hælbɜːd, bɜː, 3
hælbɜːd, ɜːd, 4
hændgʌn, hæ, 1
hændgʌn, æn, 2
hændgʌn, gʌ, 3
hændgʌn, ʌn, 4
hændheld, hæ, 1
hændheld, æn, 2
hændheld, he, 3
hændheld, el, 4
hændkrɑːftɪd, hæ, 1
hændkrɑːftɪd, æn, 2
hændkrɑːftɪd, rɑː, 3
hændkrɑːftɪd, ɑːf, 4
hændkrɑːftɪd, tɪ, 5
hændkrɑːftɪd, ɪd, 6
hændkʌfs, hæ, 1
hændkʌfs, æn, 2
hændkʌfs, kʌ, 3
hændkʌfs, ʌf, 4
hændz_ɒn, hæ, 1
hændz_ɒn, æn, 2
hændz_ɒn, ɒn, 3
hærəst, hæ, 1
hærəst, ær, 2
hærəst, rə, 3
hærəst, əs, 4
hæŋ_aʊt, hæ, 1
hæŋ_aʊt, æŋ, 2
hæŋ_aʊt, aʊt, 3
hɑːf_deɪ, hɑː, 1
hɑːf_deɪ, ɑːf, 2
hɑːf_deɪ, deɪ, 3
hɑːtfelt, hɑː, 1
hɑːtfelt, ɑːt, 2
hɑːtfelt, fe, 3
hɑːtfelt, el, 4
hɒləgræm, hɒ, 1
hɒləgræm, ɒl, 2
hɒləgræm, lə, 3
hɒləgræm, əg, 4
hɒləgræm, ræ, 5
hɒləgræm, æm, 6
hɒləgræmz, hɒ, 1
hɒləgræmz, ɒl, 2
hɒləgræmz, lə, 3
hɒləgræmz, əg, 4
hɒləgræmz, ræ, 5
hɒləgræmz, æm, 6
hɒmɪdʒiz, hɒ, 1
hɒmɪdʒiz, ɒm, 2
hɒmɪdʒiz, mɪ, 3
hɒmɪdʒiz, ɪdʒ, 4
hɒmɪdʒiz, dʒi, 5
hɒmɪdʒiz, iz, 6
hɒspɪtəlaɪzd, hɒ, 1
hɒspɪtəlaɪzd, ɒs, 2
hɒspɪtəlaɪzd, pɪ, 3
hɒspɪtəlaɪzd, ɪt, 4
hɒspɪtəlaɪzd, tə, 5
hɒspɪtəlaɪzd, əl, 6
hɒspɪtəlaɪzd, laɪ, 7
hɒspɪtəlaɪzd, aɪz, 8
hɒt_eə_bəluːn, hɒ, 1
hɒt_eə_bəluːn, ɒt, 2
hɒt_eə_bəluːn, bə, 3
hɒt_eə_bəluːn, əl, 4
hɒt_eə_bəluːn, luː, 5
hɒt_eə_bəluːn, uːn, 6
hɒtspɒt, hɒ, 1
hɒtspɒt, ɒt, 2
hɒtspɒt, pɒ, 3
hɒtspɒt, ɒt, 4
hɔːkɪʃ, hɔː, 1
hɔːkɪʃ, ɔːk, 2
hɔːkɪʃ, kɪ, 3
hɔːkɪʃ, ɪʃ, 4
hərɪfɪk, hə, 1
hərɪfɪk, ər, 2
hərɪfɪk, rɪ, 3
hərɪfɪk, ɪf, 4
hərɪfɪk, fɪ, 5
hərɪfɪk, ɪk, 6
həʊldəʊvər, həʊ, 1
həʊldəʊvər, əʊl, 2
həʊldəʊvər, dəʊ, 3
həʊldəʊvər, əʊv, 4
həʊldəʊvər, və, 5
həʊldəʊvər, ər, 6
həʊlstər, həʊ, 1
həʊlstər, əʊl, 2
həʊlstər, tə, 3
həʊlstər, ər, 4
həʊmweər, həʊ, 1
həʊmweər, əʊm, 2
həʊmweər, weə, 3
həʊmweər, eər, 4
hɜːtfl, hɜː, 1
hɜːtfl, ɜːt, 2
hɪpiz, hɪ, 1
hɪpiz, ɪp, 2
hɪpiz, pi, 3
hɪpiz, iz, 4
hʊd, hʊ, 1
hʊd, ʊd, 2
hʌgz, hʌ, 1
hʌgz, ʌg, 2
hʌsl, hʌ, 1
hʌsl, ʌs, 2
jeləʊz, je, 1
jeləʊz, el, 2
jeləʊz, ləʊ, 3
jeləʊz, əʊz, 4
jelɪŋ, je, 1
jelɪŋ, el, 2
jelɪŋ, lɪ, 3
jelɪŋ, ɪŋ, 4
jiːst, jiː, 1
jiːst, iːs, 2
juː, juː, 1
juːnɪlætrəli, juː, 1
juːnɪlætrəli, uːn, 2
juːnɪlætrəli, nɪ, 3
juːnɪlætrəli, ɪl, 4
juːnɪlætrəli, læ, 5
juːnɪlætrəli, æt, 6
juːnɪlætrəli, rə, 7
juːnɪlætrəli, əl, 8
juːnɪlætrəli, li, 9
juːnɪvɜːsæləti, juː, 1
juːnɪvɜːsæləti, uːn, 2
juːnɪvɜːsæləti, nɪ, 3
juːnɪvɜːsæləti, ɪv, 4
juːnɪvɜːsæləti, vɜː, 5
juːnɪvɜːsæləti, ɜːs, 6
juːnɪvɜːsæləti, sæ, 7
juːnɪvɜːsæləti, æl, 8
juːnɪvɜːsæləti, lə, 9
juːnɪvɜːsæləti, ət, 10
juːnɪvɜːsæləti, ti, 11
juːtəlaɪzɪz, juː, 1
juːtəlaɪzɪz, uːt, 2
juːtəlaɪzɪz, tə, 3
juːtəlaɪzɪz, əl, 4
juːtəlaɪzɪz, laɪ, 5
juːtəlaɪzɪz, aɪz, 6
juːtəlaɪzɪz, zɪ, 7
jʌmi, jʌ, 1
jʌmi, ʌm, 2
jʌmi, mi, 3
kaɪtsɜːfɪŋ, kaɪ, 1
kaɪtsɜːfɪŋ, aɪt, 2
kaɪtsɜːfɪŋ, sɜː, 3
kaɪtsɜːfɪŋ, ɜːf, 4
kaɪtsɜːfɪŋ, fɪ, 5
kaɪtsɜːfɪŋ, ɪŋ, 6
kiːbɔːd, kiː, 1
kiːbɔːd, iːb, 2
kiːbɔːd, bɔː, 3
kiːbɔːd, ɔːd, 4
kwɒf, wɒ, 1
kwɒf, ɒf, 2
kwɔːtəbæks, wɔː, 1
kwɔːtəbæks, ɔːt, 2
kwɔːtəbæks, tə, 3
kwɔːtəbæks, əb, 4
kwɔːtəbæks, bæ, 5
kwɔːtəbæks, æk, 6
kəlaɪdəskəʊp, əl, 1
kəlaɪdəskəʊp, laɪ, 2
kəlaɪdəskəʊp, aɪd, 3
kəlaɪdəskəʊp, də, 4
kəlaɪdəskəʊp, əs, 5
kəlaɪdəskəʊp, kəʊ, 6
kəlaɪdəskəʊp, əʊp, 7
kɪtʃ, kɪ, 1
kɪtʃ, ɪtʃ, 2
laɪflaɪk, laɪ, 1
laɪflaɪk, aɪf, 2
laɪflaɪk, laɪ, 3
laɪflaɪk, aɪk, 4
laɪkənz, laɪ, 1
laɪkənz, aɪk, 2
laɪkənz, kə, 3
laɪkənz, ən, 4
laɪm, laɪ, 1
laɪm, aɪm, 2
laɪmstəʊn, laɪ, 1
laɪmstəʊn, aɪm, 2
laɪmstəʊn, təʊ, 3
laɪmstəʊn, əʊn, 4
laɪvstɒk, laɪ, 1
laɪvstɒk, aɪv, 2
laɪvstɒk, tɒ, 3
laɪvstɒk, ɒk, 4
laɪənes, laɪ, 1
laɪənes, ɪən, 2
laɪənes, ne, 3
laɪənes, es, 4
leɪ_ɒf, leɪ, 1
leɪ_ɒf, ɒf, 2
leɪaʊt, leɪ, 1
leɪaʊt, aʊt, 2
leɪklənd_teriərz, leɪ, 1
leɪklənd_teriərz, eɪk, 2
leɪklənd_teriərz, lə, 3
leɪklənd_teriərz, ən, 4
leɪklənd_teriərz, te, 5
leɪklənd_teriərz, er, 6
leɪklənd_teriərz, ri, 7
leɪklənd_teriərz, ər, 8
leɪt_naɪt, leɪ, 1
leɪt_naɪt, eɪt, 2
leɪt_naɪt, naɪ, 3
leɪt_naɪt, aɪt, 4
liːfi, liː, 1
liːfi, iːf, 2
liːfi, fi, 3
liːgəlaɪzd, liː, 1
liːgəlaɪzd, iːg, 2
liːgəlaɪzd, gə, 3
liːgəlaɪzd, əl, 4
liːgəlaɪzd, laɪ, 5
liːgəlaɪzd, aɪz, 6
luːkiːmiə, luː, 1
luːkiːmiə, uːk, 2
luːkiːmiə, kiː, 3
luːkiːmiə, iːm, 4
luːkiːmiə, mi, 5
læbərɪnθ, læ, 1
læbərɪnθ, æb, 2
læbərɪnθ, bə, 3
læbərɪnθ, ər, 4
læbərɪnθ, rɪ, 5
læbərɪnθ, ɪn, 6
læmps, læ, 1
læmps, æm, 2
læptɒps, læ, 1
læptɒps, æp, 2
læptɒps, tɒ, 3
læptɒps, ɒp, 4
lævɪʃ, læ, 1
lævɪʃ, æv, 2
lævɪʃ, vɪ, 3
lævɪʃ, ɪʃ, 4
lɑːns, lɑː, 1
lɑːns, ɑːn, 2
lɒkdaʊn, lɒ, 1
lɒkdaʊn, ɒk, 2
lɒkdaʊn, daʊ, 3
lɒkdaʊn, aʊn, 4
lɒpsaɪdɪd, lɒ, 1
lɒpsaɪdɪd, ɒp, 2
lɒpsaɪdɪd, saɪ, 3
lɒpsaɪdɪd, aɪd, 4
lɒpsaɪdɪd, dɪ, 5
lɒtə, lɒ, 1
lɒtə, ɒt, 2
lɒtə, tə, 3
lɒŋhaʊs, lɒ, 1
lɒŋhaʊs, ɒŋ, 2
lɒŋhaʊs, haʊ, 3
lɒŋhaʊs, aʊs, 4
lɔɪərz, lɔɪ, 1
lɔɪərz, ɪər, 2
lɔː_əbaɪdɪŋ, lɔː, 1
lɔː_əbaɪdɪŋ, əb, 2
lɔː_əbaɪdɪŋ, baɪ, 3
lɔː_əbaɪdɪŋ, aɪd, 4
lɔː_əbaɪdɪŋ, dɪ, 5
lɔː_əbaɪdɪŋ, ɪŋ, 6
lɔːndərɪŋ, lɔː, 1
lɔːndərɪŋ, ɔːn, 2
lɔːndərɪŋ, də, 3
lɔːndərɪŋ, ər, 4
lɔːndərɪŋ, rɪ, 5
lɔːndərɪŋ, ɪŋ, 6
ləʊ_kiː, ləʊ, 1
ləʊ_kiː, kiː, 2
ləʊdstəʊn, ləʊ, 1
ləʊdstəʊn, əʊd, 2
ləʊdstəʊn, təʊ, 3
ləʊdstəʊn, əʊn, 4
lɜːnz, lɜː, 1
lɜːnz, ɜːn, 2
lɜːnɪŋz, lɜː, 1
lɜːnɪŋz, ɜːn, 2
lɜːnɪŋz, nɪ, 3
lɜːnɪŋz, ɪŋ, 4
lɪbərəli, lɪ, 1
lɪbərəli, ɪb, 2
lɪbərəli, bə, 3
lɪbərəli, ər, 4
lɪbərəli, rə, 5
lɪbərəli, əl, 6
lɪbərəli, li, 7
lɪkjʊər, lɪ, 1
lɪkjʊər, ɪk, 2
lɪkjʊər, jʊə, 3
lɪkjʊər, ʊər, 4
lɪkt, lɪ, 1
lɪkt, ɪk, 2
lɪm, lɪ, 1
lɪm, ɪm, 2
lɪpstɪk, lɪ, 1
lɪpstɪk, ɪp, 2
lɪpstɪk, tɪ, 3
lɪpstɪk, ɪk, 4
lɪsənərz, lɪ, 1
lɪsənərz, ɪs, 2
lɪsənərz, sə, 3
lɪsənərz, ən, 4
lɪsənərz, nə, 5
lɪsənərz, ər, 6
lɪtərəl, lɪ, 1
lɪtərəl, ɪt, 2
lɪtərəl, tə, 3
lɪtərəl, ər, 4
lɪtərəl, rə, 5
lɪtərəl, əl, 6
lɪvər, lɪ, 1
lɪvər, ɪv, 2
lɪvər, və, 3
lɪvər, ər, 4
lɪŋgəd, lɪ, 1
lɪŋgəd, ɪŋ, 2
lɪŋgəd, gə, 3
lɪŋgəd, əd, 4
lʌgʒʊərieɪt, lʌ, 1
lʌgʒʊərieɪt, ʌg, 2
lʌgʒʊərieɪt, ʒʊə, 3
lʌgʒʊərieɪt, ʊər, 4
lʌgʒʊərieɪt, ri, 5
lʌgʒʊərieɪt, eɪt, 6
maɪkrəfəʊn, maɪ, 1
maɪkrəfəʊn, aɪk, 2
maɪkrəfəʊn, rə, 3
maɪkrəfəʊn, əf, 4
maɪkrəfəʊn, fəʊ, 5
maɪkrəfəʊn, əʊn, 6
maɪkrəfəʊnz, maɪ, 1
maɪkrəfəʊnz, aɪk, 2
maɪkrəfəʊnz, rə, 3
maɪkrəfəʊnz, əf, 4
maɪkrəfəʊnz, fəʊ, 5
maɪkrəfəʊnz, əʊn, 6
maɪkrəʊ, maɪ, 1
maɪkrəʊ, aɪk, 2
maɪkrəʊ, rəʊ, 3
maɪlstəʊn, maɪ, 1
maɪlstəʊn, aɪl, 2
maɪlstəʊn, təʊ, 3
maɪlstəʊn, əʊn, 4
mediiːvl, me, 1
mediiːvl, ed, 2
mediiːvl, di, 3
mediiːvl, iːv, 4
medəlɪsts, me, 1
medəlɪsts, ed, 2
medəlɪsts, də, 3
medəlɪsts, əl, 4
medəlɪsts, lɪ, 5
medəlɪsts, ɪs, 6
medɪkeɪʃn, me, 1
medɪkeɪʃn, ed, 2
medɪkeɪʃn, dɪ, 3
medɪkeɪʃn, ɪk, 4
medɪkeɪʃn, keɪ, 5
medɪkeɪʃn, eɪʃ, 6
memərændəm, me, 1
memərændəm, em, 2
memərændəm, mə, 3
memərændəm, ər, 4
memərændəm, ræ, 5
memərændəm, æn, 6
memərændəm, də, 7
memərændəm, əm, 8
mentæləti, me, 1
mentæləti, en, 2
mentæləti, tæ, 3
mentæləti, æl, 4
mentæləti, lə, 5
mentæləti, ət, 6
mentæləti, ti, 7
mest, me, 1
mest, es, 2
mesɪdʒɪŋ, me, 1
mesɪdʒɪŋ, es, 2
mesɪdʒɪŋ, sɪ, 3
mesɪdʒɪŋ, ɪdʒ, 4
mesɪdʒɪŋ, dʒɪ, 5
mesɪdʒɪŋ, ɪŋ, 6
mesɪŋ, me, 1
mesɪŋ, es, 2
mesɪŋ, sɪ, 3
mesɪŋ, ɪŋ, 4
meɪz, meɪ, 1
meɪz, eɪz, 2
meθæmfetəmiːn, me, 1
meθæmfetəmiːn, eθ, 2
meθæmfetəmiːn, θæ, 3
meθæmfetəmiːn, æm, 4
meθæmfetəmiːn, fe, 5
meθæmfetəmiːn, et, 6
meθæmfetəmiːn, tə, 7
meθæmfetəmiːn, əm, 8
meθæmfetəmiːn, miː, 9
meθæmfetəmiːn, iːn, 10
miːm, miː, 1
miːm, iːm, 2
miːnɪŋz, miː, 1
miːnɪŋz, iːn, 2
miːnɪŋz, nɪ, 3
miːnɪŋz, ɪŋ, 4
mjuzɪʃn, ju, 1
mjuzɪʃn, uz, 2
mjuzɪʃn, zɪ, 3
mjuzɪʃn, ɪʃ, 4
mjuːtʃuəl, juː, 1
mjuːtʃuəl, uːtʃ, 2
mjuːtʃuəl, tʃu, 3
mjuːtʃuəl, əl, 4
mjʊərəl, jʊə, 1
mjʊərəl, ʊər, 2
mjʊərəl, rə, 3
mjʊərəl, əl, 4
mægneɪt, mæ, 1
mægneɪt, æg, 2
mægneɪt, neɪ, 3
mægneɪt, eɪt, 4
mægnəts, mæ, 1
mægnəts, æg, 2
mægnəts, nə, 3
mægnəts, ət, 4
mæləkaɪt, mæ, 1
mæləkaɪt, æl, 2
mæləkaɪt, lə, 3
mæləkaɪt, ək, 4
mæləkaɪt, kaɪ, 5
mæləkaɪt, aɪt, 6
mæmbə, mæ, 1
mæmbə, æm, 2
mæmbə, bə, 3
mænslɔːtər, mæ, 1
mænslɔːtər, æn, 2
mænslɔːtər, lɔː, 3
mænslɔːtər, ɔːt, 4
mænslɔːtər, tə, 5
mænslɔːtər, ər, 6
mærɪdʒiz, mæ, 1
mærɪdʒiz, ær, 2
mærɪdʒiz, rɪ, 3
mærɪdʒiz, ɪdʒ, 4
mærɪdʒiz, dʒi, 5
mærɪdʒiz, iz, 6
mæsəkəd, mæ, 1
mæsəkəd, æs, 2
mæsəkəd, sə, 3
mæsəkəd, ək, 4
mæsəkəd, kə, 5
mæsəkəd, əd, 6
mætɒkeɪ, mæ, 1
mætɒkeɪ, æt, 2
mætɒkeɪ, tɒ, 3
mætɒkeɪ, ɒk, 4
mætɒkeɪ, keɪ, 5
mætʃʌp, mæ, 1
mætʃʌp, ætʃ, 2
mætʃʌp, tʃʌ, 3
mætʃʌp, ʌp, 4
mæŋgəʊz, mæ, 1
mæŋgəʊz, æŋ, 2
mæŋgəʊz, gəʊ, 3
mæŋgəʊz, əʊz, 4
mæʃ, mæ, 1
mæʃ, æʃ, 2
mɑːsk, mɑː, 1
mɑːsk, ɑːs, 2
mɑːsks, mɑː, 1
mɑːsks, ɑːs, 2
mɒmi, mɒ, 1
mɒmi, ɒm, 2
mɒmi, mi, 3
mɒnsuːn, mɒ, 1
mɒnsuːn, ɒn, 2
mɒnsuːn, suː, 3
mɒnsuːn, uːn, 4
mɒnəkrəʊm, mɒ, 1
mɒnəkrəʊm, ɒn, 2
mɒnəkrəʊm, nə, 3
mɒnəkrəʊm, ək, 4
mɒnəkrəʊm, rəʊ, 5
mɒnəkrəʊm, əʊm, 6
mɒnəks, mɒ, 1
mɒnəks, ɒn, 2
mɒnəks, nə, 3
mɒnəks, ək, 4
mɔːgɪdʒiz, mɔː, 1
mɔːgɪdʒiz, ɔːg, 2
mɔːgɪdʒiz, gɪ, 3
mɔːgɪdʒiz, ɪdʒ, 4
mɔːgɪdʒiz, dʒi, 5
mɔːgɪdʒiz, iz, 6
mədæliən, mə, 1
mədæliən, əd, 2
mədæliən, dæ, 3
mədæliən, æl, 4
mədæliən, li, 5
mədæliən, ən, 6
mədæliənz, mə, 1
mədæliənz, əd, 2
mədæliənz, dæ, 3
mədæliənz, æl, 4
mədæliənz, li, 5
mədæliənz, ən, 6
məkænɪk, mə, 1
məkænɪk, ək, 2
məkænɪk, kæ, 3
məkænɪk, æn, 4
məkænɪk, nɪ, 5
məkænɪk, ɪk, 6
məlɪʃəz, mə, 1
məlɪʃəz, əl, 2
məlɪʃəz, lɪ, 3
məlɪʃəz, ɪʃ, 4
məlɪʃəz, ʃə, 5
məlɪʃəz, əz, 6
məmɔːriəlaɪzd, mə, 1
məmɔːriəlaɪzd, əm, 2
məmɔːriəlaɪzd, mɔː, 3
məmɔːriəlaɪzd, ɔːr, 4
məmɔːriəlaɪzd, ri, 5
məmɔːriəlaɪzd, əl, 6
məmɔːriəlaɪzd, laɪ, 7
məmɔːriəlaɪzd, aɪz, 8
məsɑːlə, mə, 1
məsɑːlə, əs, 2
məsɑːlə, sɑː, 3
məsɑːlə, ɑːl, 4
məsɑːlə, lə, 5
mətʃɪzməʊ, ətʃ, 1
mətʃɪzməʊ, tʃɪ, 2
mətʃɪzməʊ, ɪz, 3
mətʃɪzməʊ, məʊ, 4
məʊtiːfs, məʊ, 1
məʊtiːfs, əʊt, 2
məʊtiːfs, tiː, 3
məʊtiːfs, iːf, 4
məʊtəbaɪks, məʊ, 1
məʊtəbaɪks, əʊt, 2
məʊtəbaɪks, tə, 3
məʊtəbaɪks, əb, 4
məʊtəbaɪks, baɪ, 5
məʊtəbaɪks, aɪk, 6
məʊzeɪɪk, məʊ, 1
məʊzeɪɪk, əʊz, 2
məʊzeɪɪk, zeɪ, 3
məʊzeɪɪk, ɪk, 4
mɪd_reɪndʒ, mɪ, 1
mɪd_reɪndʒ, ɪd, 2
mɪd_reɪndʒ, reɪ, 3
mɪd_reɪndʒ, eɪn, 4
mɪdlweɪt, mɪ, 1
mɪdlweɪt, ɪd, 2
mɪdlweɪt, weɪ, 3
mɪdlweɪt, eɪt, 4
mɪljɜː, mɪ, 1
mɪljɜː, ɪl, 2
mɪljɜː, jɜː, 3
mɪlkʃeɪk, mɪ, 1
mɪlkʃeɪk, ɪl, 2
mɪlkʃeɪk, ʃeɪ, 3
mɪlkʃeɪk, eɪk, 4
mɪlətriz, mɪ, 1
mɪlətriz, ɪl, 2
mɪlətriz, lə, 3
mɪlətriz, ət, 4
mɪlətriz, ri, 5
mɪlətriz, iz, 6
mɪnətʃəraɪzd, mɪ, 1
mɪnətʃəraɪzd, ɪn, 2
mɪnətʃəraɪzd, nə, 3
mɪnətʃəraɪzd, ətʃ, 4
mɪnətʃəraɪzd, tʃə, 5
mɪnətʃəraɪzd, ər, 6
mɪnətʃəraɪzd, raɪ, 7
mɪnətʃəraɪzd, aɪz, 8
mɪnɪmaɪzɪŋ, mɪ, 1
mɪnɪmaɪzɪŋ, ɪn, 2
mɪnɪmaɪzɪŋ, nɪ, 3
mɪnɪmaɪzɪŋ, ɪm, 4
mɪnɪmaɪzɪŋ, maɪ, 5
mɪnɪmaɪzɪŋ, aɪz, 6
mɪnɪmaɪzɪŋ, zɪ, 7
mɪnɪmaɪzɪŋ, ɪŋ, 8
mɪsdərektɪd, mɪ, 1
mɪsdərektɪd, ɪs, 2
mɪsdərektɪd, də, 3
mɪsdərektɪd, ər, 4
mɪsdərektɪd, re, 5
mɪsdərektɪd, ek, 6
mɪsdərektɪd, tɪ, 7
mɪsdərektɪd, ɪd, 8
mɪsdʒʌdʒd, mɪ, 1
mɪsdʒʌdʒd, ɪs, 2
mɪsdʒʌdʒd, dʒʌ, 3
mɪsdʒʌdʒd, ʌdʒ, 4
mɪsjuːs, mɪ, 1
mɪsjuːs, ɪs, 2
mɪsjuːs, juː, 3
mɪsjuːs, uːs, 4
mɪstɪkl, mɪ, 1
mɪstɪkl, ɪs, 2
mɪstɪkl, tɪ, 3
mɪstɪkl, ɪk, 4
mɪsɪntɜːprətɪd, mɪ, 1
mɪsɪntɜːprətɪd, ɪs, 2
mɪsɪntɜːprətɪd, sɪ, 3
mɪsɪntɜːprətɪd, ɪn, 4
mɪsɪntɜːprətɪd, tɜː, 5
mɪsɪntɜːprətɪd, ɜːp, 6
mɪsɪntɜːprətɪd, rə, 7
mɪsɪntɜːprətɪd, ət, 8
mɪsɪntɜːprətɪd, tɪ, 9
mɪsɪntɜːprətɪd, ɪd, 10
mʌltifæsɪtɪd, mʌ, 1
mʌltifæsɪtɪd, ʌl, 2
mʌltifæsɪtɪd, ti, 3
mʌltifæsɪtɪd, if, 4
mʌltifæsɪtɪd, fæ, 5
mʌltifæsɪtɪd, æs, 6
mʌltifæsɪtɪd, sɪ, 7
mʌltifæsɪtɪd, ɪt, 8
mʌltifæsɪtɪd, tɪ, 9
mʌltifæsɪtɪd, ɪd, 10
mʌltilætərəl, mʌ, 1
mʌltilætərəl, ʌl, 2
mʌltilætərəl, ti, 3
mʌltilætərəl, il, 4
mʌltilætərəl, læ, 5
mʌltilætərəl, æt, 6
mʌltilætərəl, tə, 7
mʌltilætərəl, ər, 8
mʌltilætərəl, rə, 9
mʌltilætərəl, əl, 10
mʌm, mʌ, 1
mʌm, ʌm, 2
mʌmiz, mʌ, 1
mʌmiz, ʌm, 2
mʌmiz, mi, 3
mʌmiz, iz, 4
mʌŋ, mʌ, 1
mʌŋ, ʌŋ, 2
nekləsiz, ne, 1
nekləsiz, ek, 2
nekləsiz, lə, 3
nekləsiz, əs, 4
nekləsiz, si, 5
nekləsiz, iz, 6
nesld, ne, 1
nesld, es, 2
neɪbəli, neɪ, 1
neɪbəli, eɪb, 2
neɪbəli, bə, 3
neɪbəli, əl, 4
neɪbəli, li, 5
niːəʊklæsɪkl, niː, 1
niːəʊklæsɪkl, əʊk, 2
niːəʊklæsɪkl, læ, 3
niːəʊklæsɪkl, æs, 4
niːəʊklæsɪkl, sɪ, 5
niːəʊklæsɪkl, ɪk, 6
nɑːkɒtɪks, nɑː, 1
nɑːkɒtɪks, ɑːk, 2
nɑːkɒtɪks, kɒ, 3
nɑːkɒtɪks, ɒt, 4
nɑːkɒtɪks, tɪ, 5
nɑːkɒtɪks, ɪk, 6
nɑːli, nɑː, 1
nɑːli, ɑːl, 2
nɑːli, li, 3
nɒmɪniːz, nɒ, 1
nɒmɪniːz, ɒm, 2
nɒmɪniːz, mɪ, 3
nɒmɪniːz, ɪn, 4
nɒmɪniːz, niː, 5
nɒmɪniːz, iːz, 6
nɒn_nɪgəʊʃiəbl, nɒ, 1
nɒn_nɪgəʊʃiəbl, ɒn, 2
nɒn_nɪgəʊʃiəbl, nɪ, 3
nɒn_nɪgəʊʃiəbl, ɪg, 4
nɒn_nɪgəʊʃiəbl, gəʊ, 5
nɒn_nɪgəʊʃiəbl, əʊʃ, 6
nɒn_nɪgəʊʃiəbl, ʃi, 7
nɒn_nɪgəʊʃiəbl, əb, 8
nɒn_pɑːtɪzæn, nɒ, 1
nɒn_pɑːtɪzæn, ɒn, 2
nɒn_pɑːtɪzæn, pɑː, 3
nɒn_pɑːtɪzæn, ɑːt, 4
nɒn_pɑːtɪzæn, tɪ, 5
nɒn_pɑːtɪzæn, ɪz, 6
nɒn_pɑːtɪzæn, zæ, 7
nɒn_pɑːtɪzæn, æn, 8
nɒn_ælkəhɒlɪk, nɒ, 1
nɒn_ælkəhɒlɪk, ɒn, 2
nɒn_ælkəhɒlɪk, æl, 3
nɒn_ælkəhɒlɪk, kə, 4
nɒn_ælkəhɒlɪk, əh, 5
nɒn_ælkəhɒlɪk, hɒ, 6
nɒn_ælkəhɒlɪk, ɒl, 7
nɒn_ælkəhɒlɪk, lɪ, 8
nɒn_ælkəhɒlɪk, ɪk, 9
nɒnprɒfɪts, nɒ, 1
nɒnprɒfɪts, ɒn, 2
nɒnprɒfɪts, rɒ, 3
nɒnprɒfɪts, ɒf, 4
nɒnprɒfɪts, fɪ, 5
nɒnprɒfɪts, ɪt, 6
nəʊ_frɪlziz, nəʊ, 1
nəʊ_frɪlziz, rɪ, 2
nəʊ_frɪlziz, ɪl, 3
nəʊ_frɪlziz, zi, 4
nəʊ_frɪlziz, iz, 5
nəʊ_nɒnsns, nəʊ, 1
nəʊ_nɒnsns, nɒ, 2
nəʊ_nɒnsns, ɒn, 3
nəʊtɪfɪkeɪʃn, nəʊ, 1
nəʊtɪfɪkeɪʃn, əʊt, 2
nəʊtɪfɪkeɪʃn, tɪ, 3
nəʊtɪfɪkeɪʃn, ɪf, 4
nəʊtɪfɪkeɪʃn, fɪ, 5
nəʊtɪfɪkeɪʃn, ɪk, 6
nəʊtɪfɪkeɪʃn, keɪ, 7
nəʊtɪfɪkeɪʃn, eɪʃ, 8
nɜːtʃərɪŋ, nɜː, 1
nɜːtʃərɪŋ, ɜːtʃ, 2
nɜːtʃərɪŋ, tʃə, 3
nɜːtʃərɪŋ, ər, 4
nɜːtʃərɪŋ, rɪ, 5
nɜːtʃərɪŋ, ɪŋ, 6
nɜːviz, nɜː, 1
nɜːviz, ɜːv, 2
nɜːviz, vi, 3
nɜːviz, iz, 4
nɪkneɪm, nɪ, 1
nɪkneɪm, ɪk, 2
nɪkneɪm, neɪ, 3
nɪkneɪm, eɪm, 4
paɪlətɪd, paɪ, 1
paɪlətɪd, aɪl, 2
paɪlətɪd, lə, 3
paɪlətɪd, ət, 4
paɪlətɪd, tɪ, 5
paɪlətɪd, ɪd, 6
paɪnwʊd, paɪ, 1
paɪnwʊd, aɪn, 2
paɪnwʊd, wʊ, 3
paɪnwʊd, ʊd, 4
paɪnæpl, paɪ, 1
paɪnæpl, aɪn, 2
paɪnæpl, næ, 3
paɪnæpl, æp, 4
paɪrəsi, paɪ, 1
paɪrəsi, aɪr, 2
paɪrəsi, rə, 3
paɪrəsi, əs, 4
paɪrəsi, si, 5
paɪənɪəd, paɪ, 1
paɪənɪəd, ɪən, 2
paɪənɪəd, nɪə, 3
paɪənɪəd, ɪəd, 4
paɪθən, paɪ, 1
paɪθən, aɪθ, 2
paɪθən, θə, 3
paɪθən, ən, 4
paʊdəd, paʊ, 1
paʊdəd, aʊd, 2
paʊdəd, də, 3
paʊdəd, əd, 4
pedl, pe, 1
pedl, ed, 2
pedlɪŋ, pe, 1
pedlɪŋ, ed, 2
pedlɪŋ, lɪ, 3
pedlɪŋ, ɪŋ, 4
peni, pe, 1
peni, en, 2
peni, ni, 3
pepəd, pe, 1
pepəd, ep, 2
pepəd, pə, 3
pepəd, əd, 4
pepərɪŋ, pe, 1
pepərɪŋ, ep, 2
pepərɪŋ, pə, 3
pepərɪŋ, ər, 4
pepərɪŋ, rɪ, 5
pepərɪŋ, ɪŋ, 6
peɪt, peɪ, 1
peɪt, eɪt, 2
piːlaʊ, piː, 1
piːlaʊ, iːl, 2
piːlaʊ, laʊ, 3
piːpərz, piː, 1
piːpərz, iːp, 2
piːpərz, pə, 3
piːpərz, ər, 4
piːpɪŋ, piː, 1
piːpɪŋ, iːp, 2
piːpɪŋ, pɪ, 3
piːpɪŋ, ɪŋ, 4
piːsfəli, piː, 1
piːsfəli, iːs, 2
piːsfəli, fə, 3
piːsfəli, əl, 4
piːsfəli, li, 5
piːsəbli, piː, 1
piːsəbli, iːs, 2
piːsəbli, sə, 3
piːsəbli, əb, 4
piːsəbli, li, 5
piːz, piː, 1
piːz, iːz, 2
pjʊərɪst, jʊə, 1
pjʊərɪst, ʊər, 2
pjʊərɪst, rɪ, 3
pjʊərɪst, ɪs, 4
plæntɪn, læ, 1
plæntɪn, æn, 2
plæntɪn, tɪ, 3
plæntɪn, ɪn, 4
plɑːzəz, lɑː, 1
plɑːzəz, ɑːz, 2
plɑːzəz, zə, 3
plɑːzəz, əz, 4
plʌmz, lʌ, 1
plʌmz, ʌm, 2
praɪmɔːdiəl, raɪ, 1
praɪmɔːdiəl, aɪm, 2
praɪmɔːdiəl, mɔː, 3
praɪmɔːdiəl, ɔːd, 4
praɪmɔːdiəl, di, 5
praɪmɔːdiəl, əl, 6
praɪɒrətaɪzd, raɪ, 1
praɪɒrətaɪzd, ɒr, 2
praɪɒrətaɪzd, rə, 3
praɪɒrətaɪzd, ət, 4
praɪɒrətaɪzd, taɪ, 5
praɪɒrətaɪzd, aɪz, 6
praʊəs, raʊ, 1
praʊəs, ʊəs, 2
predətərz, re, 1
predətərz, ed, 2
predətərz, də, 3
predətərz, ət, 4
predətərz, tə, 5
predətərz, ər, 6
preər, reə, 1
preər, eər, 2
priːdɪnæstɪk, riː, 1
priːdɪnæstɪk, iːd, 2
priːdɪnæstɪk, dɪ, 3
priːdɪnæstɪk, ɪn, 4
priːdɪnæstɪk, næ, 5
priːdɪnæstɪk, æs, 6
priːdɪnæstɪk, tɪ, 7
priːdɪnæstɪk, ɪk, 8
priːfaɪt, riː, 1
priːfaɪt, iːf, 2
priːfaɪt, faɪ, 3
priːfaɪt, aɪt, 4
priːkəʊvɪd, riː, 1
priːkəʊvɪd, iːk, 2
priːkəʊvɪd, kəʊ, 3
priːkəʊvɪd, əʊv, 4
priːkəʊvɪd, vɪ, 5
priːkəʊvɪd, ɪd, 6
priːmedɪteɪtɪd, riː, 1
priːmedɪteɪtɪd, iːm, 2
priːmedɪteɪtɪd, me, 3
priːmedɪteɪtɪd, ed, 4
priːmedɪteɪtɪd, dɪ, 5
priːmedɪteɪtɪd, teɪ, 6
priːmedɪteɪtɪd, eɪt, 7
priːmedɪteɪtɪd, tɪ, 8
priːmedɪteɪtɪd, ɪd, 9
priːviː, riː, 1
priːviː, iːv, 2
priːviː, viː, 3
priːɪlekʃn, riː, 1
priːɪlekʃn, ɪl, 2
priːɪlekʃn, le, 3
priːɪlekʃn, ek, 4
præktɪkælətiz, ræ, 1
præktɪkælətiz, æk, 2
præktɪkælətiz, tɪ, 3
præktɪkælətiz, ɪk, 4
præktɪkælətiz, kæ, 5
præktɪkælətiz, æl, 6
præktɪkælətiz, lə, 7
præktɪkælətiz, ət, 8
præktɪkælətiz, ti, 9
præktɪkælətiz, iz, 10
prɔːnz, rɔː, 1
prɔːnz, ɔːn, 2
prəbeɪʃn, rə, 1
prəbeɪʃn, əb, 2
prəbeɪʃn, beɪ, 3
prəbeɪʃn, eɪʃ, 4
prəbeɪʃnri, rə, 1
prəbeɪʃnri, əb, 2
prəbeɪʃnri, beɪ, 3
prəbeɪʃnri, eɪʃ, 4
prəbeɪʃnri, ri, 5
prədʒektaɪl, rə, 1
prədʒektaɪl, ədʒ, 2
prədʒektaɪl, dʒe, 3
prədʒektaɪl, ek, 4
prədʒektaɪl, taɪ, 5
prədʒektaɪl, aɪl, 6
prədʒektaɪlz, rə, 1
prədʒektaɪlz, ədʒ, 2
prədʒektaɪlz, dʒe, 3
prədʒektaɪlz, ek, 4
prədʒektaɪlz, taɪ, 5
prədʒektaɪlz, aɪl, 6
prəfeʃənəli, rə, 1
prəfeʃənəli, əf, 2
prəfeʃənəli, fe, 3
prəfeʃənəli, eʃ, 4
prəfeʃənəli, ʃə, 5
prəfeʃənəli, ən, 6
prəfeʃənəli, nə, 7
prəfeʃənəli, əl, 8
prəfeʃənəli, li, 9
prəkjʊər, rə, 1
prəkjʊər, ək, 2
prəkjʊər, jʊə, 3
prəkjʊər, ʊər, 4
prəlɪfɪk, rə, 1
prəlɪfɪk, əl, 2
prəlɪfɪk, lɪ, 3
prəlɪfɪk, ɪf, 4
prəlɪfɪk, fɪ, 5
prəlɪfɪk, ɪk, 6
prənʌnsieɪʃn, rə, 1
prənʌnsieɪʃn, ən, 2
prənʌnsieɪʃn, nʌ, 3
prənʌnsieɪʃn, ʌn, 4
prənʌnsieɪʃn, si, 5
prənʌnsieɪʃn, eɪʃ, 6
prəpelərz, rə, 1
prəpelərz, əp, 2
prəpelərz, pe, 3
prəpelərz, el, 4
prəpelərz, lə, 5
prəpelərz, ər, 6
prəsiːdɪd, rə, 1
prəsiːdɪd, əs, 2
prəsiːdɪd, siː, 3
prəsiːdɪd, iːd, 4
prəsiːdɪd, dɪ, 5
prəsiːdɪd, ɪd, 6
prəsiːdɪŋ, rə, 1
prəsiːdɪŋ, əs, 2
prəsiːdɪŋ, siː, 3
prəsiːdɪŋ, iːd, 4
prəsiːdɪŋ, dɪ, 5
prəsiːdɪŋ, ɪŋ, 6
prətestɪd, rə, 1
prətestɪd, ət, 2
prətestɪd, te, 3
prətestɪd, es, 4
prətestɪd, tɪ, 5
prətestɪd, ɪd, 6
prəʊgræmər, rəʊ, 1
prəʊgræmər, əʊg, 2
prəʊgræmər, ræ, 3
prəʊgræmər, æm, 4
prəʊgræmər, mə, 5
prəʊgræmər, ər, 6
prɪdɒmɪnənt, rɪ, 1
prɪdɒmɪnənt, ɪd, 2
prɪdɒmɪnənt, dɒ, 3
prɪdɒmɪnənt, ɒm, 4
prɪdɒmɪnənt, mɪ, 5
prɪdɒmɪnənt, ɪn, 6
prɪdɒmɪnənt, nə, 7
prɪdɒmɪnənt, ən, 8
prɪfɜːrɪŋ, rɪ, 1
prɪfɜːrɪŋ, ɪf, 2
prɪfɜːrɪŋ, fɜː, 3
prɪfɜːrɪŋ, ɜːr, 4
prɪfɜːrɪŋ, rɪ, 5
prɪfɜːrɪŋ, ɪŋ, 6
prɪfɜːz, rɪ, 1
prɪfɜːz, ɪf, 2
prɪfɜːz, fɜː, 3
prɪfɜːz, ɜːz, 4
prɪstiːn, rɪ, 1
prɪstiːn, ɪs, 2
prɪstiːn, tiː, 3
prɪstiːn, iːn, 4
prɪsɪpɪteɪtɪd, rɪ, 1
prɪsɪpɪteɪtɪd, ɪs, 2
prɪsɪpɪteɪtɪd, sɪ, 3
prɪsɪpɪteɪtɪd, ɪp, 4
prɪsɪpɪteɪtɪd, pɪ, 5
prɪsɪpɪteɪtɪd, teɪ, 6
prɪsɪpɪteɪtɪd, eɪt, 7
prɪsɪpɪteɪtɪd, tɪ, 8
prɪsɪpɪteɪtɪd, ɪd, 9
prɪzentər, rɪ, 1
prɪzentər, ɪz, 2
prɪzentər, ze, 3
prɪzentər, en, 4
prɪzentər, tə, 5
prɪzentər, ər, 6
pædi, pæ, 1
pædi, æd, 2
pædi, di, 3
pælət, pæ, 1
pælət, æl, 2
pælət, lə, 3
pælət, ət, 4
pæləts, pæ, 1
pæləts, æl, 2
pæləts, lə, 3
pæləts, ət, 4
pænkeɪks, pæ, 1
pænkeɪks, æn, 2
pænkeɪks, keɪ, 3
pænkeɪks, eɪk, 4
pænəlɪŋ, pæ, 1
pænəlɪŋ, æn, 2
pænəlɪŋ, nə, 3
pænəlɪŋ, əl, 4
pænəlɪŋ, lɪ, 5
pænəlɪŋ, ɪŋ, 6
pærədaɪm, pæ, 1
pærədaɪm, ær, 2
pærədaɪm, rə, 3
pærədaɪm, əd, 4
pærədaɪm, daɪ, 5
pærədaɪm, aɪm, 6
pæstlz, pæ, 1
pæstlz, æs, 2
pætʃi, pæ, 1
pætʃi, ætʃ, 2
pætʃi, tʃi, 3
pæŋgəlɪnz, pæ, 1
pæŋgəlɪnz, æŋ, 2
pæŋgəlɪnz, gə, 3
pæŋgəlɪnz, əl, 4
pæŋgəlɪnz, lɪ, 5
pæŋgəlɪnz, ɪn, 6
pɑːstaɪm, pɑː, 1
pɑːstaɪm, ɑːs, 2
pɑːstaɪm, taɪ, 3
pɑːstaɪm, aɪm, 4
pɑːteɪk, pɑː, 1
pɑːteɪk, ɑːt, 2
pɑːteɪk, teɪ, 3
pɑːteɪk, eɪk, 4
pɑːtɪsɪpeɪtəri, pɑː, 1
pɑːtɪsɪpeɪtəri, ɑːt, 2
pɑːtɪsɪpeɪtəri, tɪ, 3
pɑːtɪsɪpeɪtəri, ɪs, 4
pɑːtɪsɪpeɪtəri, sɪ, 5
pɑːtɪsɪpeɪtəri, ɪp, 6
pɑːtɪsɪpeɪtəri, peɪ, 7
pɑːtɪsɪpeɪtəri, eɪt, 8
pɑːtɪsɪpeɪtəri, tə, 9
pɑːtɪsɪpeɪtəri, ər, 10
pɑːtɪsɪpeɪtəri, ri, 11
pɑːtɪsɪpeɪtɪd, pɑː, 1
pɑːtɪsɪpeɪtɪd, ɑːt, 2
pɑːtɪsɪpeɪtɪd, tɪ, 3
pɑːtɪsɪpeɪtɪd, ɪs, 4
pɑːtɪsɪpeɪtɪd, sɪ, 5
pɑːtɪsɪpeɪtɪd, ɪp, 6
pɑːtɪsɪpeɪtɪd, peɪ, 7
pɑːtɪsɪpeɪtɪd, eɪt, 8
pɑːtɪsɪpeɪtɪd, tɪ, 9
pɑːtɪsɪpeɪtɪd, ɪd, 10
pɔːnɒgrəfi, pɔː, 1
pɔːnɒgrəfi, ɔːn, 2
pɔːnɒgrəfi, nɒ, 3
pɔːnɒgrəfi, ɒg, 4
pɔːnɒgrəfi, rə, 5
pɔːnɒgrəfi, əf, 6
pɔːnɒgrəfi, fi, 7
pɔːrəə, pɔː, 1
pɔːrəə, ɔːr, 2
pɔːrəə, rə, 3
pəfektɪd, pə, 1
pəfektɪd, əf, 2
pəfektɪd, fe, 3
pəfektɪd, ek, 4
pəfektɪd, tɪ, 5
pəfektɪd, ɪd, 6
pəluːtərz, pə, 1
pəluːtərz, əl, 2
pəluːtərz, luː, 3
pəluːtərz, uːt, 4
pəluːtərz, tə, 5
pəluːtərz, ər, 6
pətrəʊlz, pə, 1
pətrəʊlz, ət, 2
pətrəʊlz, rəʊ, 3
pətrəʊlz, əʊl, 4
pəʊtʃɪŋ, pəʊ, 1
pəʊtʃɪŋ, əʊtʃ, 2
pəʊtʃɪŋ, tʃɪ, 3
pəʊtʃɪŋ, ɪŋ, 4
pəʊzɪŋ, pəʊ, 1
pəʊzɪŋ, əʊz, 2
pəʊzɪŋ, zɪ, 3
pəʊzɪŋ, ɪŋ, 4
pɜːfjuːmd, pɜː, 1
pɜːfjuːmd, ɜːf, 2
pɜːfjuːmd, juː, 3
pɜːfjuːmd, uːm, 4
pɜːfjuːmz, pɜː, 1
pɜːfjuːmz, ɜːf, 2
pɜːfjuːmz, juː, 3
pɜːfjuːmz, uːm, 4
pɜːpətreɪtər, pɜː, 1
pɜːpətreɪtər, ɜːp, 2
pɜːpətreɪtər, pə, 3
pɜːpətreɪtər, ət, 4
pɜːpətreɪtər, reɪ, 5
pɜːpətreɪtər, eɪt, 6
pɜːpətreɪtər, tə, 7
pɜːpətreɪtər, ər, 8
pɪgmənt, pɪ, 1
pɪgmənt, ɪg, 2
pɪgmənt, mə, 3
pɪgmənt, ən, 4
pɪgmənts, pɪ, 1
pɪgmənts, ɪg, 2
pɪgmənts, mə, 3
pɪgmənts, ən, 4
pɪgskɪn, pɪ, 1
pɪgskɪn, ɪg, 2
pɪgskɪn, kɪ, 3
pɪgskɪn, ɪn, 4
pɪk, pɪ, 1
pɪk, ɪk, 2
pɪkl, pɪ, 1
pɪkl, ɪk, 2
pɪknɪks, pɪ, 1
pɪknɪks, ɪk, 2
pɪknɪks, nɪ, 3
pɪknɪks, ɪk, 4
pɪlərz, pɪ, 1
pɪlərz, ɪl, 2
pɪlərz, lə, 3
pɪlərz, ər, 4
pɪnd, pɪ, 1
pɪnd, ɪn, 2
pɪŋɪŋ, pɪ, 1
pɪŋɪŋ, ɪŋ, 2
pɪŋɪŋ, ŋɪ, 3
pɪŋɪŋ, ɪŋ, 4
pɪər_rɪvjuːd, pɪə, 1
pɪər_rɪvjuːd, ɪər, 2
pɪər_rɪvjuːd, rɪ, 3
pɪər_rɪvjuːd, ɪv, 4
pɪər_rɪvjuːd, juː, 5
pɪər_rɪvjuːd, uːd, 6
pʌblɪsɪst, pʌ, 1
pʌblɪsɪst, ʌb, 2
pʌblɪsɪst, lɪ, 3
pʌblɪsɪst, ɪs, 4
pʌblɪsɪst, sɪ, 5
pʌblɪsɪst, ɪs, 6
pʌmpkɪn, pʌ, 1
pʌmpkɪn, ʌm, 2
pʌmpkɪn, kɪ, 3
pʌmpkɪn, ɪn, 4
pʌmpt, pʌ, 1
pʌmpt, ʌm, 2
pʌntʃɪŋ, pʌ, 1
pʌntʃɪŋ, ʌn, 2
pʌntʃɪŋ, tʃɪ, 3
pʌntʃɪŋ, ɪŋ, 4
pʌt, pʌ, 1
pʌt, ʌt, 2
raɪətɪŋ, raɪ, 1
raɪətɪŋ, ɪət, 2
raɪətɪŋ, tɪ, 3
raɪətɪŋ, ɪŋ, 4
redi_meɪd, re, 1
redi_meɪd, ed, 2
redi_meɪd, di, 3
redi_meɪd, meɪ, 4
redi_meɪd, eɪd, 5
redʒɪmən, re, 1
redʒɪmən, edʒ, 2
redʒɪmən, dʒɪ, 3
redʒɪmən, ɪm, 4
redʒɪmən, mə, 5
redʒɪmən, ən, 6
regjuleɪtɪŋ, re, 1
regjuleɪtɪŋ, eg, 2
regjuleɪtɪŋ, ju, 3
regjuleɪtɪŋ, ul, 4
regjuleɪtɪŋ, leɪ, 5
regjuleɪtɪŋ, eɪt, 6
regjuleɪtɪŋ, tɪ, 7
regjuleɪtɪŋ, ɪŋ, 8
rekəmendz, re, 1
rekəmendz, ek, 2
rekəmendz, kə, 3
rekəmendz, əm, 4
rekəmendz, me, 5
rekəmendz, en, 6
rendəz, re, 1
rendəz, en, 2
rendəz, də, 3
rendəz, əz, 4
rentlz, re, 1
rentlz, en, 2
renəveɪʃn, re, 1
renəveɪʃn, en, 2
renəveɪʃn, nə, 3
renəveɪʃn, əv, 4
renəveɪʃn, veɪ, 5
renəveɪʃn, eɪʃ, 6
renɪgeɪdz, re, 1
renɪgeɪdz, en, 2
renɪgeɪdz, nɪ, 3
renɪgeɪdz, ɪg, 4
renɪgeɪdz, geɪ, 5
renɪgeɪdz, eɪd, 6
rezərektɪŋ, re, 1
rezərektɪŋ, ez, 2
rezərektɪŋ, zə, 3
rezərektɪŋ, ər, 4
rezərektɪŋ, re, 5
rezərektɪŋ, ek, 6
rezərektɪŋ, tɪ, 7
rezərektɪŋ, ɪŋ, 8
reɪdiəʊd, reɪ, 1
reɪdiəʊd, eɪd, 2
reɪdiəʊd, di, 3
reɪdiəʊd, əʊd, 4
reɪkt, reɪ, 1
reɪkt, eɪk, 2
reɪlweɪz, reɪ, 1
reɪlweɪz, eɪl, 2
reɪlweɪz, weɪ, 3
reɪlweɪz, eɪz, 4
reɪsiz, reɪ, 1
reɪsiz, eɪs, 2
reɪsiz, si, 3
reɪsiz, iz, 4
riækts, ri, 1
riækts, æk, 2
riː_ɪkzæmɪnɪŋ, riː, 1
riː_ɪkzæmɪnɪŋ, ɪk, 2
riː_ɪkzæmɪnɪŋ, zæ, 3
riː_ɪkzæmɪnɪŋ, æm, 4
riː_ɪkzæmɪnɪŋ, mɪ, 5
riː_ɪkzæmɪnɪŋ, ɪn, 6
riː_ɪkzæmɪnɪŋ, nɪ, 7
riː_ɪkzæmɪnɪŋ, ɪŋ, 8
riːbɜːθ, riː, 1
riːbɜːθ, iːb, 2
riːbɜːθ, bɜː, 3
riːbɜːθ, ɜːθ, 4
riːhaɪəd, riː, 1
riːhaɪəd, iːh, 2
riːhaɪəd, haɪ, 3
riːhaɪəd, ɪəd, 4
riːhæʃ, riː, 1
riːhæʃ, iːh, 2
riːhæʃ, hæ, 3
riːhæʃ, æʃ, 4
riːjuːz, riː, 1
riːjuːz, iːj, 2
riːjuːz, juː, 3
riːjuːz, uːz, 4
riːkrieɪt, riː, 1
riːkrieɪt, iːk, 2
riːkrieɪt, eɪt, 3
riːkənsɪdəreɪʃn, riː, 1
riːkənsɪdəreɪʃn, iːk, 2
riːkənsɪdəreɪʃn, kə, 3
riːkənsɪdəreɪʃn, ən, 4
riːkənsɪdəreɪʃn, sɪ, 5
riːkənsɪdəreɪʃn, ɪd, 6
riːkənsɪdəreɪʃn, də, 7
riːkənsɪdəreɪʃn, ər, 8
riːkənsɪdəreɪʃn, reɪ, 9
riːkənsɪdəreɪʃn, eɪʃ, 10
riːmætʃ, riː, 1
riːmætʃ, iːm, 2
riːmætʃ, mæ, 3
riːmætʃ, ætʃ, 4
riːmɒdld, riː, 1
riːmɒdld, iːm, 2
riːmɒdld, mɒ, 3
riːmɒdld, ɒd, 4
riːpəʊstɪd, riː, 1
riːpəʊstɪd, iːp, 2
riːpəʊstɪd, pəʊ, 3
riːpəʊstɪd, əʊs, 4
riːpəʊstɪd, tɪ, 5
riːpəʊstɪd, ɪd, 6
riːsaɪkl, riː, 1
riːsaɪkl, iːs, 2
riːsaɪkl, saɪ, 3
riːsaɪkl, aɪk, 4
riːteɪld, riː, 1
riːteɪld, iːt, 2
riːteɪld, teɪ, 3
riːteɪld, eɪl, 4
riːæləkeɪtɪd, riː, 1
riːæləkeɪtɪd, æl, 2
riːæləkeɪtɪd, lə, 3
riːæləkeɪtɪd, ək, 4
riːæləkeɪtɪd, keɪ, 5
riːæləkeɪtɪd, eɪt, 6
riːæləkeɪtɪd, tɪ, 7
riːæləkeɪtɪd, ɪd, 8
riːɪmpəʊzd, riː, 1
riːɪmpəʊzd, ɪm, 2
riːɪmpəʊzd, pəʊ, 3
riːɪmpəʊzd, əʊz, 4
riːɪnkɑːneɪtɪd, riː, 1
riːɪnkɑːneɪtɪd, ɪn, 2
riːɪnkɑːneɪtɪd, kɑː, 3
riːɪnkɑːneɪtɪd, ɑːn, 4
riːɪnkɑːneɪtɪd, neɪ, 5
riːɪnkɑːneɪtɪd, eɪt, 6
riːɪnkɑːneɪtɪd, tɪ, 7
riːɪnkɑːneɪtɪd, ɪd, 8
riːɪnvestɪd, riː, 1
riːɪnvestɪd, ɪn, 2
riːɪnvestɪd, ve, 3
riːɪnvestɪd, es, 4
riːɪnvestɪd, tɪ, 5
riːɪnvestɪd, ɪd, 6
ruːtiːnz, ruː, 1
ruːtiːnz, uːt, 2
ruːtiːnz, tiː, 3
ruːtiːnz, iːn, 4
ruːts, ruː, 1
ruːts, uːt, 2
ruːʒ, ruː, 1
ruːʒ, uːʒ, 2
rændəm, ræ, 1
rændəm, æn, 2
rændəm, də, 3
rændəm, əm, 4
ræpɪd_faɪər, ræ, 1
ræpɪd_faɪər, æp, 2
ræpɪd_faɪər, pɪ, 3
ræpɪd_faɪər, ɪd, 4
ræpɪd_faɪər, faɪ, 5
ræpɪd_faɪər, ɪər, 6
rætʃɪtɪd, ræ, 1
rætʃɪtɪd, ætʃ, 2
rætʃɪtɪd, tʃɪ, 3
rætʃɪtɪd, ɪt, 4
rætʃɪtɪd, tɪ, 5
rætʃɪtɪd, ɪd, 6
ræŋkt, ræ, 1
ræŋkt, æŋ, 2
ræŋkɪŋz, ræ, 1
ræŋkɪŋz, æŋ, 2
ræŋkɪŋz, kɪ, 3
ræŋkɪŋz, ɪŋ, 4
rɒt, rɒ, 1
rɒt, ɒt, 2
rəʊ, rəʊ, 1
rəʊmæntɪsaɪz, rəʊ, 1
rəʊmæntɪsaɪz, əʊm, 2
rəʊmæntɪsaɪz, mæ, 3
rəʊmæntɪsaɪz, æn, 4
rəʊmæntɪsaɪz, tɪ, 5
rəʊmæntɪsaɪz, ɪs, 6
rəʊmæntɪsaɪz, saɪ, 7
rəʊmæntɪsaɪz, aɪz, 8
rəʊstɪŋ, rəʊ, 1
rəʊstɪŋ, əʊs, 2
rəʊstɪŋ, tɪ, 3
rəʊstɪŋ, ɪŋ, 4
rəʊteɪtɪŋ, rəʊ, 1
rəʊteɪtɪŋ, əʊt, 2
rəʊteɪtɪŋ, teɪ, 3
rəʊteɪtɪŋ, eɪt, 4
rəʊteɪtɪŋ, tɪ, 5
rəʊteɪtɪŋ, ɪŋ, 6
rəʊtɪsəri, rəʊ, 1
rəʊtɪsəri, əʊt, 2
rəʊtɪsəri, tɪ, 3
rəʊtɪsəri, ɪs, 4
rəʊtɪsəri, sə, 5
rəʊtɪsəri, ər, 6
rəʊtɪsəri, ri, 7
rɪbən, rɪ, 1
rɪbən, ɪb, 2
rɪbən, bə, 3
rɪbən, ən, 4
rɪdn, rɪ, 1
rɪdn, ɪd, 2
rɪdɪŋ, rɪ, 1
rɪdɪŋ, ɪd, 2
rɪdɪŋ, dɪ, 3
rɪdɪŋ, ɪŋ, 4
rɪdʒenəreɪʃn, rɪ, 1
rɪdʒenəreɪʃn, ɪdʒ, 2
rɪdʒenəreɪʃn, dʒe, 3
rɪdʒenəreɪʃn, en, 4
rɪdʒenəreɪʃn, nə, 5
rɪdʒenəreɪʃn, ər, 6
rɪdʒenəreɪʃn, reɪ, 7
rɪdʒenəreɪʃn, eɪʃ, 8
rɪflekʃnz, rɪ, 1
rɪflekʃnz, ɪf, 2
rɪflekʃnz, le, 3
rɪflekʃnz, ek, 4
rɪgd, rɪ, 1
rɪgd, ɪg, 2
rɪkruːtɪd, rɪ, 1
rɪkruːtɪd, ɪk, 2
rɪkruːtɪd, ruː, 3
rɪkruːtɪd, uːt, 4
rɪkruːtɪd, tɪ, 5
rɪkruːtɪd, ɪd, 6
rɪkɒnɪsns, rɪ, 1
rɪkɒnɪsns, ɪk, 2
rɪkɒnɪsns, kɒ, 3
rɪkɒnɪsns, ɒn, 4
rɪkɒnɪsns, nɪ, 5
rɪkɒnɪsns, ɪs, 6
rɪlentləsiz, rɪ, 1
rɪlentləsiz, ɪl, 2
rɪlentləsiz, le, 3
rɪlentləsiz, en, 4
rɪlentləsiz, lə, 5
rɪlentləsiz, əs, 6
rɪlentləsiz, si, 7
rɪlentləsiz, iz, 8
rɪpiːld, rɪ, 1
rɪpiːld, ɪp, 2
rɪpiːld, piː, 3
rɪpiːld, iːl, 4
rɪpraɪzlz, rɪ, 1
rɪpraɪzlz, ɪp, 2
rɪpraɪzlz, raɪ, 3
rɪpraɪzlz, aɪz, 4
rɪps, rɪ, 1
rɪps, ɪp, 2
rɪpt, rɪ, 1
rɪpt, ɪp, 2
rɪteɪnz, rɪ, 1
rɪteɪnz, ɪt, 2
rɪteɪnz, teɪ, 3
rɪteɪnz, eɪn, 4
rɪtrækt, rɪ, 1
rɪtrækt, ɪt, 2
rɪtrækt, ræ, 3
rɪtrækt, æk, 4
rɪtʃuəlz, rɪ, 1
rɪtʃuəlz, ɪtʃ, 2
rɪtʃuəlz, tʃu, 3
rɪtʃuəlz, əl, 4
rɪvaɪvɪŋ, rɪ, 1
rɪvaɪvɪŋ, vaɪ, 2
rɪvaɪvɪŋ, aɪv, 3
rɪvaɪvɪŋ, vɪ, 4
rɪvaɪvɪŋ, ɪŋ, 5
rɪvɒlvz, rɪ, 1
rɪvɒlvz, ɪv, 2
rɪvɒlvz, vɒ, 3
rɪvɒlvz, ɒl, 4
rɪwɔːdz, rɪ, 1
rɪwɔːdz, ɪw, 2
rɪwɔːdz, wɔː, 3
rɪwɔːdz, ɔːd, 4
rɪzaʊndɪŋli, rɪ, 1
rɪzaʊndɪŋli, ɪz, 2
rɪzaʊndɪŋli, zaʊ, 3
rɪzaʊndɪŋli, aʊn, 4
rɪzaʊndɪŋli, dɪ, 5
rɪzaʊndɪŋli, ɪŋ, 6
rɪzaʊndɪŋli, li, 7
rɪzɪstɪd, rɪ, 1
rɪzɪstɪd, ɪz, 2
rɪzɪstɪd, zɪ, 3
rɪzɪstɪd, ɪs, 4
rɪzɪstɪd, tɪ, 5
rɪzɪstɪd, ɪd, 6
rɪzɪstɪŋ, rɪ, 1
rɪzɪstɪŋ, ɪz, 2
rɪzɪstɪŋ, zɪ, 3
rɪzɪstɪŋ, ɪs, 4
rɪzɪstɪŋ, tɪ, 5
rɪzɪstɪŋ, ɪŋ, 6
rʌn_ɪn, rʌ, 1
rʌn_ɪn, ʌn, 2
rʌn_ɪn, ɪn, 3
rʌnərz, rʌ, 1
rʌnərz, ʌn, 2
rʌnərz, nə, 3
rʌnərz, ər, 4
rʌsld, rʌ, 1
rʌsld, ʌs, 2
rʌʃər, rʌ, 1
rʌʃər, ʌʃ, 2
rʌʃər, ʃə, 3
rʌʃər, ər, 4
rʌʃɪŋ, rʌ, 1
rʌʃɪŋ, ʌʃ, 2
rʌʃɪŋ, ʃɪ, 3
rʌʃɪŋ, ɪŋ, 4
saɪdlaɪnz, saɪ, 1
saɪdlaɪnz, aɪd, 2
saɪdlaɪnz, laɪ, 3
saɪdlaɪnz, aɪn, 4
saɪðiz, saɪ, 1
saɪðiz, aɪð, 2
saɪðiz, ði, 3
saɪðiz, iz, 4
segweɪ, se, 1
segweɪ, eg, 2
segweɪ, weɪ, 3
segweɪd, se, 1
segweɪd, eg, 2
segweɪd, weɪ, 3
segweɪd, eɪd, 4
seksɪst, se, 1
seksɪst, ek, 2
seksɪst, sɪ, 3
seksɪst, ɪs, 4
sektərz, se, 1
sektərz, ek, 2
sektərz, tə, 3
sektərz, ər, 4
self_aɪsəleɪt, se, 1
self_aɪsəleɪt, el, 2
self_aɪsəleɪt, aɪs, 3
self_aɪsəleɪt, sə, 4
self_aɪsəleɪt, əl, 5
self_aɪsəleɪt, leɪ, 6
self_aɪsəleɪt, eɪt, 7
self_kənfest, se, 1
self_kənfest, el, 2
self_kənfest, kə, 3
self_kənfest, ən, 4
self_kənfest, fe, 5
self_kənfest, es, 6
self_sɜːvɪs, se, 1
self_sɜːvɪs, el, 2
self_sɜːvɪs, sɜː, 3
self_sɜːvɪs, ɜːv, 4
self_sɜːvɪs, vɪ, 5
self_sɜːvɪs, ɪs, 6
self_sɪlektɪd, se, 1
self_sɪlektɪd, el, 2
self_sɪlektɪd, sɪ, 3
self_sɪlektɪd, ɪl, 4
self_sɪlektɪd, le, 5
self_sɪlektɪd, ek, 6
self_sɪlektɪd, tɪ, 7
self_sɪlektɪd, ɪd, 8
selfləsiz, se, 1
selfləsiz, el, 2
selfləsiz, lə, 3
selfləsiz, əs, 4
selfləsiz, si, 5
selfləsiz, iz, 6
semi_preʃəsiz, se, 1
semi_preʃəsiz, em, 2
semi_preʃəsiz, mi, 3
semi_preʃəsiz, re, 4
semi_preʃəsiz, eʃ, 5
semi_preʃəsiz, ʃə, 6
semi_preʃəsiz, əs, 7
semi_preʃəsiz, si, 8
semi_preʃəsiz, iz, 9
sendər, se, 1
sendər, en, 2
sendər, də, 3
sendər, ər, 4
sensləsli, se, 1
sensləsli, en, 2
sensləsli, lə, 3
sensləsli, əs, 4
sensləsli, li, 5
sentɪd, se, 1
sentɪd, en, 2
sentɪd, tɪ, 3
sentɪd, ɪd, 4
sevnθ, se, 1
sevnθ, ev, 2
seɪlərz, seɪ, 1
seɪlərz, eɪl, 2
seɪlərz, lə, 3
seɪlərz, ər, 4
seɪt, seɪ, 1
seɪt, eɪt, 2
siːmən, siː, 1
siːmən, iːm, 2
siːmən, mə, 3
siːmən, ən, 4
siːzn, siː, 1
siːzn, iːz, 2
siːʒərz, siː, 1
siːʒərz, iːʒ, 2
siːʒərz, ʒə, 3
siːʒərz, ər, 4
skaɪdaɪvɪŋ, kaɪ, 1
skaɪdaɪvɪŋ, aɪd, 2
skaɪdaɪvɪŋ, daɪ, 3
skaɪdaɪvɪŋ, aɪv, 4
skaɪdaɪvɪŋ, vɪ, 5
skaɪdaɪvɪŋ, ɪŋ, 6
skaʊərɪŋ, kaʊ, 1
skaʊərɪŋ, ʊər, 2
skaʊərɪŋ, rɪ, 3
skaʊərɪŋ, ɪŋ, 4
skeərəli, keə, 1
skeərəli, eər, 2
skeərəli, rə, 3
skeərəli, əl, 4
skeərəli, li, 5
skeɪtbɔːdɪŋ, keɪ, 1
skeɪtbɔːdɪŋ, eɪt, 2
skeɪtbɔːdɪŋ, bɔː, 3
skeɪtbɔːdɪŋ, ɔːd, 4
skeɪtbɔːdɪŋ, dɪ, 5
skeɪtbɔːdɪŋ, ɪŋ, 6
skriːnʃɒt, riː, 1
skriːnʃɒt, iːn, 2
skriːnʃɒt, ʃɒ, 3
skriːnʃɒt, ɒt, 4
skuːljɑːd, kuː, 1
skuːljɑːd, uːl, 2
skuːljɑːd, jɑː, 3
skuːljɑːd, ɑːd, 4
skuːlmeɪts, kuː, 1
skuːlmeɪts, uːl, 2
skuːlmeɪts, meɪ, 3
skuːlmeɪts, eɪt, 4
skuːpt, kuː, 1
skuːpt, uːp, 2
skæmz, kæ, 1
skæmz, æm, 2
skævɪndʒər, kæ, 1
skævɪndʒər, æv, 2
skævɪndʒər, vɪ, 3
skævɪndʒər, ɪn, 4
skævɪndʒər, dʒə, 5
skævɪndʒər, ər, 6
skɔːd, kɔː, 1
skɔːd, ɔːd, 2
skəʊldɪŋ, kəʊ, 1
skəʊldɪŋ, əʊl, 2
skəʊldɪŋ, dɪ, 3
skəʊldɪŋ, ɪŋ, 4
skʌflz, kʌ, 1
skʌflz, ʌf, 2
skʌmi, kʌ, 1
skʌmi, ʌm, 2
skʌmi, mi, 3
slæb, læ, 1
slæb, æb, 2
slæpɪŋ, læ, 1
slæpɪŋ, æp, 2
slæpɪŋ, pɪ, 3
slæpɪŋ, ɪŋ, 4
slɜːp, lɜː, 1
slɜːp, ɜːp, 2
smaɪlz, maɪ, 1
smaɪlz, aɪl, 2
smuːðə, muː, 1
smuːðə, uːð, 2
smuːðə, ðə, 3
smɑːtfəʊn, mɑː, 1
smɑːtfəʊn, ɑːt, 2
smɑːtfəʊn, fəʊ, 3
smɑːtfəʊn, əʊn, 4
sməʊki, məʊ, 1
sməʊki, əʊk, 2
sməʊki, ki, 3
snɔːkl, nɔː, 1
snɔːkl, ɔːk, 2
snɔːkəlɪŋ, nɔː, 1
snɔːkəlɪŋ, ɔːk, 2
snɔːkəlɪŋ, kə, 3
snɔːkəlɪŋ, əl, 4
snɔːkəlɪŋ, lɪ, 5
snɔːkəlɪŋ, ɪŋ, 6
spendz, pe, 1
spendz, en, 2
spiːdbəʊt, piː, 1
spiːdbəʊt, iːd, 2
spiːdbəʊt, bəʊ, 3
spiːdbəʊt, əʊt, 4
spiːdbəʊts, piː, 1
spiːdbəʊts, iːd, 2
spiːdbəʊts, bəʊ, 3
spiːdbəʊts, əʊt, 4
splɜːdʒ, lɜː, 1
splɜːdʒ, ɜːdʒ, 2
spraʊtɪŋ, raʊ, 1
spraʊtɪŋ, aʊt, 2
spraʊtɪŋ, tɪ, 3
spraʊtɪŋ, ɪŋ, 4
sprɪŋkl, rɪ, 1
sprɪŋkl, ɪŋ, 2
spuːlz, puː, 1
spuːlz, uːl, 2
spænz, pæ, 1
spænz, æn, 2
spænɪŋ, pæ, 1
spænɪŋ, æn, 2
spænɪŋ, nɪ, 3
spænɪŋ, ɪŋ, 4
spæzəmz, pæ, 1
spæzəmz, æz, 2
spæzəmz, zə, 3
spæzəmz, əm, 4
spɔɪld, pɔɪ, 1
spɔɪld, ɔɪl, 2
spɔːtswʊmən, pɔː, 1
spɔːtswʊmən, ɔːt, 2
spɔːtswʊmən, wʊ, 3
spɔːtswʊmən, ʊm, 4
spɔːtswʊmən, mə, 5
spɔːtswʊmən, ən, 6
spɪlz, pɪ, 1
spɪlz, ɪl, 2
spɪrɪtʃuəli, pɪ, 1
spɪrɪtʃuəli, ɪr, 2
spɪrɪtʃuəli, rɪ, 3
spɪrɪtʃuəli, ɪtʃ, 4
spɪrɪtʃuəli, tʃu, 5
spɪrɪtʃuəli, əl, 6
spɪrɪtʃuəli, li, 7
spɪtɪŋ, pɪ, 1
spɪtɪŋ, ɪt, 2
spɪtɪŋ, tɪ, 3
spɪtɪŋ, ɪŋ, 4
staɪlaɪzd, taɪ, 1
staɪlaɪzd, aɪl, 2
staɪlaɪzd, laɪ, 3
staɪlaɪzd, aɪz, 4
staɪlɪʃ, taɪ, 1
staɪlɪʃ, aɪl, 2
staɪlɪʃ, lɪ, 3
staɪlɪʃ, ɪʃ, 4
stedfɑːst, te, 1
stedfɑːst, ed, 2
stedfɑːst, fɑː, 3
stedfɑːst, ɑːs, 4
steriətɪpɪkl, te, 1
steriətɪpɪkl, er, 2
steriətɪpɪkl, ri, 3
steriətɪpɪkl, ət, 4
steriətɪpɪkl, tɪ, 5
steriətɪpɪkl, ɪp, 6
steriətɪpɪkl, pɪ, 7
steriətɪpɪkl, ɪk, 8
sterɔɪd, te, 1
sterɔɪd, er, 2
sterɔɪd, rɔɪ, 3
sterɔɪd, ɔɪd, 4
steɪplz, teɪ, 1
steɪplz, eɪp, 2
stiːlz, tiː, 1
stiːlz, iːl, 2
stjuː, juː, 1
stjuːɪŋ, juː, 1
stjuːɪŋ, ɪŋ, 2
strɔːz, rɔː, 1
strɔːz, ɔːz, 2
strɪndʒənt, rɪ, 1
strɪndʒənt, ɪn, 2
strɪndʒənt, dʒə, 3
strɪndʒənt, ən, 4
stuːlz, tuː, 1
stuːlz, uːl, 2
stæmɪnə, tæ, 1
stæmɪnə, æm, 2
stæmɪnə, mɪ, 3
stæmɪnə, ɪn, 4
stæmɪnə, nə, 5
stɑːd, tɑː, 1
stɑːd, ɑːd, 2
stɑːt_ʌps, tɑː, 1
stɑːt_ʌps, ɑːt, 2
stɑːt_ʌps, ʌp, 3
stɑːtʃi, tɑː, 1
stɑːtʃi, ɑːtʃ, 2
stɑːtʃi, tʃi, 3
stɑːtʃiə, tɑː, 1
stɑːtʃiə, ɑːtʃ, 2
stɑːtʃiə, tʃi, 3
stɔːmd, tɔː, 1
stɔːmd, ɔːm, 2
stəʊɪkli, təʊ, 1
stəʊɪkli, ɪk, 2
stəʊɪkli, li, 3
stɪmjələs, tɪ, 1
stɪmjələs, ɪm, 2
stɪmjələs, jə, 3
stɪmjələs, əl, 4
stɪmjələs, lə, 5
stɪmjələs, əs, 6
stɪnt, tɪ, 1
stɪnt, ɪn, 2
stɪtʃs, tɪ, 1
stɪtʃs, ɪtʃ, 2
stʌfs, tʌ, 1
stʌfs, ʌf, 2
supriːməʊ, su, 1
supriːməʊ, up, 2
supriːməʊ, riː, 3
supriːməʊ, iːm, 4
supriːməʊ, məʊ, 5
suːkuməwiːki, suː, 1
suːkuməwiːki, uːk, 2
suːkuməwiːki, ku, 3
suːkuməwiːki, um, 4
suːkuməwiːki, mə, 5
suːkuməwiːki, əw, 6
suːkuməwiːki, wiː, 7
suːkuməwiːki, iːk, 8
suːkuməwiːki, ki, 9
suːpəstɑːr, suː, 1
suːpəstɑːr, uːp, 2
suːpəstɑːr, pə, 3
suːpəstɑːr, əs, 4
suːpəstɑːr, tɑː, 5
suːpəstɑːr, ɑːr, 6
suːpəstɑːrz, suː, 1
suːpəstɑːrz, uːp, 2
suːpəstɑːrz, pə, 3
suːpəstɑːrz, əs, 4
suːpəstɑːrz, tɑː, 5
suːpəstɑːrz, ɑːr, 6
suːtkeɪs, suː, 1
suːtkeɪs, uːt, 2
suːtkeɪs, keɪ, 3
suːtkeɪs, eɪs, 4
sweɪðiz, weɪ, 1
sweɪðiz, eɪð, 2
sweɪðiz, ði, 3
sweɪðiz, iz, 4
swiːps, wiː, 1
swiːps, iːp, 2
sædld, sæ, 1
sædld, æd, 2
sædnəs, sæ, 1
sædnəs, æd, 2
sædnəs, nə, 3
sædnəs, əs, 4
sætʃəreɪtɪd, sæ, 1
sætʃəreɪtɪd, ætʃ, 2
sætʃəreɪtɪd, tʃə, 3
sætʃəreɪtɪd, ər, 4
sætʃəreɪtɪd, reɪ, 5
sætʃəreɪtɪd, eɪt, 6
sætʃəreɪtɪd, tɪ, 7
sætʃəreɪtɪd, ɪd, 8
sɒlvənts, sɒ, 1
sɒlvənts, ɒl, 2
sɒlvənts, və, 3
sɒlvənts, ən, 4
sɒsɪdʒ, sɒ, 1
sɒsɪdʒ, ɒs, 2
sɒsɪdʒ, sɪ, 3
sɒsɪdʒ, ɪdʒ, 4
sɔːlts, sɔː, 1
sɔːlts, ɔːl, 2
sɔːrz, sɔː, 1
sɔːrz, ɔːr, 2
səbmɪsɪv, sə, 1
səbmɪsɪv, əb, 2
səbmɪsɪv, mɪ, 3
səbmɪsɪv, ɪs, 4
səbmɪsɪv, sɪ, 5
səbmɪsɪv, ɪv, 6
səbsɪstəns, sə, 1
səbsɪstəns, əb, 2
səbsɪstəns, sɪ, 3
səbsɪstəns, ɪs, 4
səbsɪstəns, tə, 5
səbsɪstəns, ən, 6
səksesərz, sə, 1
səksesərz, ək, 2
səksesərz, se, 3
səksesərz, es, 4
səksesərz, sə, 5
səksesərz, ər, 6
səmelɪeɪ, sə, 1
səmelɪeɪ, əm, 2
səmelɪeɪ, me, 3
səmelɪeɪ, el, 4
səmelɪeɪ, lɪ, 5
səməʊsəz, sə, 1
səməʊsəz, əm, 2
səməʊsəz, məʊ, 3
səməʊsəz, əʊs, 4
səməʊsəz, sə, 5
səməʊsəz, əz, 6
sərenəti, sə, 1
sərenəti, ər, 2
sərenəti, re, 3
sərenəti, en, 4
sərenəti, nə, 5
sərenəti, ət, 6
sərenəti, ti, 7
səsaɪətl, sə, 1
səsaɪətl, əs, 2
səsaɪətl, saɪ, 3
səsaɪətl, ɪət, 4
səspekts, sə, 1
səspekts, əs, 2
səspekts, pe, 3
səspekts, ek, 4
səvænə, sə, 1
səvænə, əv, 2
səvænə, væ, 3
səvænə, æn, 4
səvænə, nə, 5
sɜːpləs, sɜː, 1
sɜːpləs, ɜːp, 2
sɜːpləs, lə, 3
sɜːpləs, əs, 4
sɜːpənts, sɜː, 1
sɜːpənts, ɜːp, 2
sɜːpənts, pə, 3
sɜːpənts, ən, 4
sɜːveɪz, sɜː, 1
sɜːveɪz, ɜːv, 2
sɜːveɪz, veɪ, 3
sɜːveɪz, eɪz, 4
sɪdʌktɪvnəs, sɪ, 1
sɪdʌktɪvnəs, ɪd, 2
sɪdʌktɪvnəs, dʌ, 3
sɪdʌktɪvnəs, ʌk, 4
sɪdʌktɪvnəs, tɪ, 5
sɪdʌktɪvnəs, ɪv, 6
sɪdʌktɪvnəs, nə, 7
sɪdʌktɪvnəs, əs, 8
sɪkjʊəd, sɪ, 1
sɪkjʊəd, ɪk, 2
sɪkjʊəd, jʊə, 3
sɪkjʊəd, ʊəd, 4
sɪlektɪŋ, sɪ, 1
sɪlektɪŋ, ɪl, 2
sɪlektɪŋ, le, 3
sɪlektɪŋ, ek, 4
sɪlektɪŋ, tɪ, 5
sɪlektɪŋ, ɪŋ, 6
sɪluet, sɪ, 1
sɪluet, ɪl, 2
sɪluet, lu, 3
sɪluet, et, 4
sɪmptəmz, sɪ, 1
sɪmptəmz, ɪm, 2
sɪmptəmz, tə, 3
sɪmptəmz, əm, 4
sɪməd, sɪ, 1
sɪməd, ɪm, 2
sɪməd, mə, 3
sɪməd, əd, 4
sɪnɒnɪməsiz, sɪ, 1
sɪnɒnɪməsiz, ɪn, 2
sɪnɒnɪməsiz, nɒ, 3
sɪnɒnɪməsiz, ɒn, 4
sɪnɒnɪməsiz, nɪ, 5
sɪnɒnɪməsiz, ɪm, 6
sɪnɒnɪməsiz, mə, 7
sɪnɒnɪməsiz, əs, 8
sɪnɒnɪməsiz, si, 9
sɪnɒnɪməsiz, iz, 10
sɪrəps, sɪ, 1
sɪrəps, ɪr, 2
sɪrəps, rə, 3
sɪrəps, əp, 4
sɪstər_ɪn_lɔː, sɪ, 1
sɪstər_ɪn_lɔː, ɪs, 2
sɪstər_ɪn_lɔː, tə, 3
sɪstər_ɪn_lɔː, ər, 4
sɪstər_ɪn_lɔː, ɪn, 5
sɪstər_ɪn_lɔː, lɔː, 6
sɪŋərz, sɪ, 1
sɪŋərz, ɪŋ, 2
sɪŋərz, ŋə, 3
sɪŋərz, ər, 4
sʌbkɒntɪnənt, sʌ, 1
sʌbkɒntɪnənt, ʌb, 2
sʌbkɒntɪnənt, kɒ, 3
sʌbkɒntɪnənt, ɒn, 4
sʌbkɒntɪnənt, tɪ, 5
sʌbkɒntɪnənt, ɪn, 6
sʌbkɒntɪnənt, nə, 7
sʌbkɒntɪnənt, ən, 8
sʌbkəntræktɪd, sʌ, 1
sʌbkəntræktɪd, ʌb, 2
sʌbkəntræktɪd, kə, 3
sʌbkəntræktɪd, ən, 4
sʌbkəntræktɪd, ræ, 5
sʌbkəntræktɪd, æk, 6
sʌbkəntræktɪd, tɪ, 7
sʌbkəntræktɪd, ɪd, 8
sʌbkʌltʃər, sʌ, 1
sʌbkʌltʃər, ʌb, 2
sʌbkʌltʃər, kʌ, 3
sʌbkʌltʃər, ʌl, 4
sʌbkʌltʃər, tʃə, 5
sʌbkʌltʃər, ər, 6
sʌfrədʒɪst, sʌ, 1
sʌfrədʒɪst, ʌf, 2
sʌfrədʒɪst, rə, 3
sʌfrədʒɪst, ədʒ, 4
sʌfrədʒɪst, dʒɪ, 5
sʌfrədʒɪst, ɪs, 6
sʌltənz, sʌ, 1
sʌltənz, ʌl, 2
sʌltənz, tə, 3
sʌltənz, ən, 4
sʌmz, sʌ, 1
sʌmz, ʌm, 2
taɪələsli, taɪ, 1
taɪələsli, ɪəl, 2
taɪələsli, lə, 3
taɪələsli, əs, 4
taɪələsli, li, 5
taɪər, taɪ, 1
taɪər, ɪər, 2
taʊəl, taʊ, 1
taʊəl, ʊəl, 2
tekstaɪlz, te, 1
tekstaɪlz, ek, 2
tekstaɪlz, taɪ, 3
tekstaɪlz, aɪl, 4
teksts, te, 1
teksts, ek, 2
tekstɪd, te, 1
tekstɪd, ek, 2
tekstɪd, tɪ, 3
tekstɪd, ɪd, 4
telikəmjuːnɪkeɪʃn, te, 1
telikəmjuːnɪkeɪʃn, el, 2
telikəmjuːnɪkeɪʃn, li, 3
telikəmjuːnɪkeɪʃn, ik, 4
telikəmjuːnɪkeɪʃn, kə, 5
telikəmjuːnɪkeɪʃn, əm, 6
telikəmjuːnɪkeɪʃn, juː, 7
telikəmjuːnɪkeɪʃn, uːn, 8
telikəmjuːnɪkeɪʃn, nɪ, 9
telikəmjuːnɪkeɪʃn, ɪk, 10
telikəmjuːnɪkeɪʃn, keɪ, 11
telikəmjuːnɪkeɪʃn, eɪʃ, 12
tenɪts, te, 1
tenɪts, en, 2
tenɪts, nɪ, 3
tenɪts, ɪt, 4
teɪsti, teɪ, 1
teɪsti, eɪs, 2
teɪsti, ti, 3
teɪstiɪst, teɪ, 1
teɪstiɪst, eɪs, 2
teɪstiɪst, ti, 3
teɪsts, teɪ, 1
teɪsts, eɪs, 2
teɪstɪŋ, teɪ, 1
teɪstɪŋ, eɪs, 2
teɪstɪŋ, tɪ, 3
teɪstɪŋ, ɪŋ, 4
tiːneɪdʒ, tiː, 1
tiːneɪdʒ, iːn, 2
tiːneɪdʒ, neɪ, 3
tiːneɪdʒ, eɪdʒ, 4
tiːz, tiː, 1
tiːz, iːz, 2
tjuːbər, juː, 1
tjuːbər, uːb, 2
tjuːbər, bə, 3
tjuːbər, ər, 4
traɪp, raɪ, 1
traɪp, aɪp, 2
trekɪŋ, re, 1
trekɪŋ, ek, 2
trekɪŋ, kɪ, 3
trekɪŋ, ɪŋ, 4
trespəsɪŋ, re, 1
trespəsɪŋ, es, 2
trespəsɪŋ, pə, 3
trespəsɪŋ, əs, 4
trespəsɪŋ, sɪ, 5
trespəsɪŋ, ɪŋ, 6
treɪnər, reɪ, 1
treɪnər, eɪn, 2
treɪnər, nə, 3
treɪnər, ər, 4
triːts, riː, 1
triːts, iːt, 2
trædʒɪkli, ræ, 1
trædʒɪkli, ædʒ, 2
trædʒɪkli, dʒɪ, 3
trædʒɪkli, ɪk, 4
trædʒɪkli, li, 5
trænsendz, ræ, 1
trænsendz, æn, 2
trænsendz, se, 3
trænsendz, en, 4
trænspɔːtɪd, ræ, 1
trænspɔːtɪd, æn, 2
trænspɔːtɪd, pɔː, 3
trænspɔːtɪd, ɔːt, 4
trænspɔːtɪd, tɪ, 5
trænspɔːtɪd, ɪd, 6
trænzdʒendər, ræ, 1
trænzdʒendər, æn, 2
trænzdʒendər, dʒe, 3
trænzdʒendər, en, 4
trænzdʒendər, də, 5
trænzdʒendər, ər, 6
trænzleɪts, ræ, 1
trænzleɪts, æn, 2
trænzleɪts, leɪ, 3
trænzleɪts, eɪt, 4
trænzleɪtər, ræ, 1
trænzleɪtər, æn, 2
trænzleɪtər, leɪ, 3
trænzleɪtər, eɪt, 4
trænzleɪtər, tə, 5
trænzleɪtər, ər, 6
trɒlz, rɒ, 1
trɒlz, ɒl, 2
trɔːmə, rɔː, 1
trɔːmə, ɔːm, 2
trɔːmə, mə, 3
trədʒektəri, rə, 1
trədʒektəri, ədʒ, 2
trədʒektəri, dʒe, 3
trədʒektəri, ek, 4
trədʒektəri, tə, 5
trədʒektəri, ər, 6
trədʒektəri, ri, 7
trɪbjuːts, rɪ, 1
trɪbjuːts, ɪb, 2
trɪbjuːts, juː, 3
trɪbjuːts, uːt, 4
trɪbjətriz, rɪ, 1
trɪbjətriz, ɪb, 2
trɪbjətriz, jə, 3
trɪbjətriz, ət, 4
trɪbjətriz, ri, 5
trɪbjətriz, iz, 6
trɪŋkɪts, rɪ, 1
trɪŋkɪts, ɪŋ, 2
trɪŋkɪts, kɪ, 3
trɪŋkɪts, ɪt, 4
tuːfəʊld, tuː, 1
tuːfəʊld, uːf, 2
tuːfəʊld, fəʊ, 3
tuːfəʊld, əʊl, 4
tuːmz, tuː, 1
tuːmz, uːm, 2
twiːts, wiː, 1
twiːts, iːt, 2
twiːtɪd, wiː, 1
twiːtɪd, iːt, 2
twiːtɪd, tɪ, 3
twiːtɪd, ɪd, 4
tæksɪŋ, tæ, 1
tæksɪŋ, æk, 2
tæksɪŋ, sɪ, 3
tæksɪŋ, ɪŋ, 4
tæpəstri, tæ, 1
tæpəstri, æp, 2
tæpəstri, pə, 3
tæpəstri, əs, 4
tæpəstri, ri, 5
tæpəstriz, tæ, 1
tæpəstriz, æp, 2
tæpəstriz, pə, 3
tæpəstriz, əs, 4
tæpəstriz, ri, 5
tæpəstriz, iz, 6
tæŋks, tæ, 1
tæŋks, æŋ, 2
tɒksɪsəti, tɒ, 1
tɒksɪsəti, ɒk, 2
tɒksɪsəti, sɪ, 3
tɒksɪsəti, ɪs, 4
tɒksɪsəti, sə, 5
tɒksɪsəti, ət, 6
tɒksɪsəti, ti, 7
tɒləreɪts, tɒ, 1
tɒləreɪts, ɒl, 2
tɒləreɪts, lə, 3
tɒləreɪts, ər, 4
tɒləreɪts, reɪ, 5
tɒləreɪts, eɪt, 6
tɒp_nɒtʃ, tɒ, 1
tɒp_nɒtʃ, ɒp, 2
tɒp_nɒtʃ, nɒ, 3
tɒp_nɒtʃ, ɒtʃ, 4
tɒps, tɒ, 1
tɒps, ɒp, 2
tɒpt, tɒ, 1
tɒpt, ɒp, 2
tɒrənt, tɒ, 1
tɒrənt, ɒr, 2
tɒrənt, rə, 3
tɒrənt, ən, 4
tə, tə, 1
təbuː, tə, 1
təbuː, əb, 2
təbuː, buː, 3
təkiːlə, tə, 1
təkiːlə, ək, 2
təkiːlə, kiː, 3
təkiːlə, iːl, 4
təkiːlə, lə, 5
tɜːbjələnt, tɜː, 1
tɜːbjələnt, ɜːb, 2
tɜːbjələnt, jə, 3
tɜːbjələnt, əl, 4
tɜːbjələnt, lə, 5
tɜːbjələnt, ən, 6
tɪpl, tɪ, 1
tɪpl, ɪp, 2
tɪŋktʃərz, tɪ, 1
tɪŋktʃərz, ɪŋ, 2
tɪŋktʃərz, tʃə, 3
tɪŋktʃərz, ər, 4
tʊənəmənts, tʊə, 1
tʊənəmənts, ʊən, 2
tʊənəmənts, nə, 3
tʊənəmənts, əm, 4
tʊənəmənts, mə, 5
tʊərɪŋ, tʊə, 1
tʊərɪŋ, ʊər, 2
tʊərɪŋ, rɪ, 3
tʊərɪŋ, ɪŋ, 4
tʌk, tʌ, 1
tʌk, ʌk, 2
tʌmblz, tʌ, 1
tʌmblz, ʌm, 2
tʌnl, tʌ, 1
tʌnl, ʌn, 2
tʌsks, tʌ, 1
tʌsks, ʌs, 2
tʌtʃdaʊn, tʌ, 1
tʌtʃdaʊn, ʌtʃ, 2
tʌtʃdaʊn, daʊ, 3
tʌtʃdaʊn, aʊn, 4
tʌtʃdaʊnz, tʌ, 1
tʌtʃdaʊnz, ʌtʃ, 2
tʌtʃdaʊnz, daʊ, 3
tʌtʃdaʊnz, aʊn, 4
tʌŋz, tʌ, 1
tʌŋz, ʌŋ, 2
vaɪbz, vaɪ, 1
vaɪbz, aɪb, 2
vedʒ, ve, 1
vedʒ, edʒ, 2
vendərz, ve, 1
vendərz, en, 2
vendərz, də, 3
vendərz, ər, 4
veslz, ve, 1
veslz, es, 2
veəriz, veə, 1
veəriz, eər, 2
veəriz, ri, 3
veəriz, iz, 4
veəriənts, veə, 1
veəriənts, eər, 2
veəriənts, ri, 3
veəriənts, ən, 4
viːgən, viː, 1
viːgən, iːg, 2
viːgən, gə, 3
viːgən, ən, 4
væksiːnz, væ, 1
væksiːnz, æk, 2
væksiːnz, siː, 3
væksiːnz, iːn, 4
væksɪneɪt, væ, 1
væksɪneɪt, æk, 2
væksɪneɪt, sɪ, 3
væksɪneɪt, ɪn, 4
væksɪneɪt, neɪ, 5
væksɪneɪt, eɪt, 6
væksɪneɪʃnz, væ, 1
væksɪneɪʃnz, æk, 2
væksɪneɪʃnz, sɪ, 3
væksɪneɪʃnz, ɪn, 4
væksɪneɪʃnz, neɪ, 5
væksɪneɪʃnz, eɪʃ, 6
væts, væ, 1
væts, æt, 2
vəʊklz, vəʊ, 1
vəʊklz, əʊk, 2
vɪktɪmz, vɪ, 1
vɪktɪmz, ɪk, 2
vɪktɪmz, tɪ, 3
vɪktɪmz, ɪm, 4
welnəs, we, 1
welnəs, el, 2
welnəs, nə, 3
welnəs, əs, 4
wentwəθ, we, 1
wentwəθ, en, 2
wentwəθ, wə, 3
wentwəθ, əθ, 4
wepənri, we, 1
wepənri, ep, 2
wepənri, pə, 3
wepənri, ən, 4
wepənri, ri, 5
weərər, weə, 1
weərər, eər, 2
weərər, rə, 3
weɪstwɔːtər, weɪ, 1
weɪstwɔːtər, eɪs, 2
weɪstwɔːtər, wɔː, 3
weɪstwɔːtər, ɔːt, 4
weɪstwɔːtər, tə, 5
weɪstwɔːtər, ər, 6
weɪstɪŋ, weɪ, 1
weɪstɪŋ, eɪs, 2
weɪstɪŋ, tɪ, 3
weɪstɪŋ, ɪŋ, 4
wiːdɪd, wiː, 1
wiːdɪd, iːd, 2
wiːdɪd, dɪ, 3
wiːdɪd, ɪd, 4
wiːt, wiː, 1
wiːt, iːt, 2
wuːndz, wuː, 1
wuːndz, uːn, 2
wuːndɪŋ, wuː, 1
wuːndɪŋ, uːn, 2
wuːndɪŋ, dɪ, 3
wuːndɪŋ, ɪŋ, 4
wæks, wæ, 1
wæks, æk, 2
wæksɪŋ, wæ, 1
wæksɪŋ, æk, 2
wæksɪŋ, sɪ, 3
wæksɪŋ, ɪŋ, 4
wɔːtələsiz, wɔː, 1
wɔːtələsiz, ɔːt, 2
wɔːtələsiz, tə, 3
wɔːtələsiz, əl, 4
wɔːtələsiz, lə, 5
wɔːtələsiz, əs, 6
wɔːtələsiz, si, 7
wɔːtələsiz, iz, 8
wɔːtəweɪz, wɔː, 1
wɔːtəweɪz, ɔːt, 2
wɔːtəweɪz, tə, 3
wɔːtəweɪz, əw, 4
wɔːtəweɪz, weɪ, 5
wɔːtəweɪz, eɪz, 6
wɔːʃɪps, wɔː, 1
wɔːʃɪps, ɔːʃ, 2
wɔːʃɪps, ʃɪ, 3
wɔːʃɪps, ɪp, 4
wɪdʒɪt, wɪ, 1
wɪdʒɪt, ɪdʒ, 2
wɪdʒɪt, dʒɪ, 3
wɪdʒɪt, ɪt, 4
wɪki, wɪ, 1
wɪki, ɪk, 2
wɪki, ki, 3
wɪldəbiːst, wɪ, 1
wɪldəbiːst, ɪl, 2
wɪldəbiːst, də, 3
wɪldəbiːst, əb, 4
wɪldəbiːst, biː, 5
wɪldəbiːst, iːs, 6
wɪski, wɪ, 1
wɪski, ɪs, 2
wɪski, ki, 3
wɪŋspæn, wɪ, 1
wɪŋspæn, ɪŋ, 2
wɪŋspæn, pæ, 3
wɪŋspæn, æn, 4
wʊmənz, wʊ, 1
wʊmənz, ʊm, 2
wʊmənz, mə, 3
wʊmənz, ən, 4
wʌn_deɪ_krɪkɪt, wʌ, 1
wʌn_deɪ_krɪkɪt, ʌn, 2
wʌn_deɪ_krɪkɪt, deɪ, 3
wʌn_deɪ_krɪkɪt, rɪ, 4
wʌn_deɪ_krɪkɪt, ɪk, 5
wʌn_deɪ_krɪkɪt, kɪ, 6
wʌn_deɪ_krɪkɪt, ɪt, 7
wʌn_trɪk_pəʊni, wʌ, 1
wʌn_trɪk_pəʊni, ʌn, 2
wʌn_trɪk_pəʊni, rɪ, 3
wʌn_trɪk_pəʊni, ɪk, 4
wʌn_trɪk_pəʊni, pəʊ, 5
wʌn_trɪk_pəʊni, əʊn, 6
wʌn_trɪk_pəʊni, ni, 7
wʌn_ɒf, wʌ, 1
wʌn_ɒf, ʌn, 2
wʌn_ɒf, ɒf, 3
zebrə, ze, 1
zebrə, eb, 2
zebrə, rə, 3
zəʊnz, zəʊ, 1
zəʊnz, əʊn, 2
zɪərəʊz, zɪə, 1
zɪərəʊz, ɪər, 2
zɪərəʊz, rəʊ, 3
zɪərəʊz, əʊz, 4
ɒf, ɒf, 1
ɒf_djuːti, ɒf, 1
ɒf_djuːti, juː, 2
ɒf_djuːti, uːt, 3
ɒf_djuːti, ti, 4
ɒfərɪŋz, ɒf, 1
ɒfərɪŋz, fə, 2
ɒfərɪŋz, ər, 3
ɒfərɪŋz, rɪ, 4
ɒfərɪŋz, ɪŋ, 5
ɒfɪsərz, ɒf, 1
ɒfɪsərz, fɪ, 2
ɒfɪsərz, ɪs, 3
ɒfɪsərz, sə, 4
ɒfɪsərz, ər, 5
ɒnəd, ɒn, 1
ɒnəd, nə, 2
ɒnəd, əd, 3
ɒptɪməli, ɒp, 1
ɒptɪməli, tɪ, 2
ɒptɪməli, ɪm, 3
ɒptɪməli, mə, 4
ɒptɪməli, əl, 5
ɒptɪməli, li, 6
ɒpərətɪviz, ɒp, 1
ɒpərətɪviz, pə, 2
ɒpərətɪviz, ər, 3
ɒpərətɪviz, rə, 4
ɒpərətɪviz, ət, 5
ɒpərətɪviz, tɪ, 6
ɒpərətɪviz, ɪv, 7
ɒpərətɪviz, vi, 8
ɒpərətɪviz, iz, 9
ɒpətjuːn, ɒp, 1
ɒpətjuːn, pə, 2
ɒpətjuːn, ət, 3
ɒpətjuːn, juː, 4
ɒpətjuːn, uːn, 5
ɒrɪndʒiz, ɒr, 1
ɒrɪndʒiz, rɪ, 2
ɒrɪndʒiz, ɪn, 3
ɒrɪndʒiz, dʒi, 4
ɒrɪndʒiz, iz, 5
ɔɪlz, ɔɪl, 1
ɔɪntmənts, ɔɪn, 1
ɔɪntmənts, mə, 2
ɔɪntmənts, ən, 3
ɔɪstər, ɔɪs, 1
ɔɪstər, tə, 2
ɔɪstər, ər, 3
ɔːgənaɪzərz, ɔːg, 1
ɔːgənaɪzərz, gə, 2
ɔːgənaɪzərz, ən, 3
ɔːgənaɪzərz, naɪ, 4
ɔːgənaɪzərz, aɪz, 5
ɔːgənaɪzərz, zə, 6
ɔːgənaɪzərz, ər, 7
əbskjʊəz, əb, 1
əbskjʊəz, jʊə, 2
əbskjʊəz, ʊəz, 3
əʊ_də_twɑːlet, də, 1
əʊ_də_twɑːlet, wɑː, 2
əʊ_də_twɑːlet, ɑːl, 3
əʊ_də_twɑːlet, le, 4
əʊ_də_twɑːlet, et, 5
əʊ_də_twɑːlets, də, 1
əʊ_də_twɑːlets, wɑː, 2
əʊ_də_twɑːlets, ɑːl, 3
əʊ_də_twɑːlets, le, 4
əʊ_də_twɑːlets, et, 5
əʊkər, əʊk, 1
əʊkər, kə, 2
əʊkər, ər, 3
əʊvəkʌmɪŋ, əʊv, 1
əʊvəkʌmɪŋ, və, 2
əʊvəkʌmɪŋ, ək, 3
əʊvəkʌmɪŋ, kʌ, 4
əʊvəkʌmɪŋ, ʌm, 5
əʊvəkʌmɪŋ, mɪ, 6
əʊvəkʌmɪŋ, ɪŋ, 7
əʊvənaɪts, əʊv, 1
əʊvənaɪts, və, 2
əʊvənaɪts, ən, 3
əʊvənaɪts, naɪ, 4
əʊvənaɪts, aɪt, 5
əʊvətaɪm, əʊv, 1
əʊvətaɪm, və, 2
əʊvətaɪm, ət, 3
əʊvətaɪm, taɪ, 4
əʊvətaɪm, aɪm, 5
ɜːbənaɪzeɪʃn, ɜːb, 1
ɜːbənaɪzeɪʃn, bə, 2
ɜːbənaɪzeɪʃn, ən, 3
ɜːbənaɪzeɪʃn, naɪ, 4
ɜːbənaɪzeɪʃn, aɪz, 5
ɜːbənaɪzeɪʃn, zeɪ, 6
ɜːbənaɪzeɪʃn, eɪʃ, 7
ɪdiəsɪŋkrætɪk, ɪd, 1
ɪdiəsɪŋkrætɪk, di, 2
ɪdiəsɪŋkrætɪk, əs, 3
ɪdiəsɪŋkrætɪk, sɪ, 4
ɪdiəsɪŋkrætɪk, ɪŋ, 5
ɪdiəsɪŋkrætɪk, ræ, 6
ɪdiəsɪŋkrætɪk, æt, 7
ɪdiəsɪŋkrætɪk, tɪ, 8
ɪdiəsɪŋkrætɪk, ɪk, 9
ɪgluːz, ɪg, 1
ɪgluːz, luː, 2
ɪgluːz, uːz, 3
ɪgnaɪts, ɪg, 1
ɪgnaɪts, naɪ, 2
ɪgnaɪts, aɪt, 3
ɪlɪsɪt, ɪl, 1
ɪlɪsɪt, lɪ, 2
ɪlɪsɪt, ɪs, 3
ɪlɪsɪt, sɪ, 4
ɪlɪsɪt, ɪt, 5
ɪmjuːnəti, ɪm, 1
ɪmjuːnəti, juː, 2
ɪmjuːnəti, uːn, 3
ɪmjuːnəti, nə, 4
ɪmjuːnəti, ət, 5
ɪmjuːnəti, ti, 6
ɪmpiːdɪd, ɪm, 1
ɪmpiːdɪd, piː, 2
ɪmpiːdɪd, iːd, 3
ɪmpiːdɪd, dɪ, 4
ɪmpiːdɪd, ɪd, 5
ɪmpjuːnəti, ɪm, 1
ɪmpjuːnəti, juː, 2
ɪmpjuːnəti, uːn, 3
ɪmpjuːnəti, nə, 4
ɪmpjuːnəti, ət, 5
ɪmpjuːnəti, ti, 6
ɪmplaɪɪŋ, ɪm, 1
ɪmplaɪɪŋ, laɪ, 2
ɪmplaɪɪŋ, ɪŋ, 3
ɪmplɪmentɪŋ, ɪm, 1
ɪmplɪmentɪŋ, lɪ, 2
ɪmplɪmentɪŋ, ɪm, 3
ɪmplɪmentɪŋ, me, 4
ɪmplɪmentɪŋ, en, 5
ɪmplɪmentɪŋ, tɪ, 6
ɪmplɪmentɪŋ, ɪŋ, 7
ɪmpɪtəs, ɪm, 1
ɪmpɪtəs, pɪ, 2
ɪmpɪtəs, ɪt, 3
ɪmpɪtəs, tə, 4
ɪmpɪtəs, əs, 5
ɪmɪgreɪtɪd, ɪm, 1
ɪmɪgreɪtɪd, mɪ, 2
ɪmɪgreɪtɪd, ɪg, 3
ɪmɪgreɪtɪd, reɪ, 4
ɪmɪgreɪtɪd, eɪt, 5
ɪmɪgreɪtɪd, tɪ, 6
ɪmɪgreɪtɪd, ɪd, 7
ɪndɪgnəti, ɪn, 1
ɪndɪgnəti, dɪ, 2
ɪndɪgnəti, ɪg, 3
ɪndɪgnəti, nə, 4
ɪndɪgnəti, ət, 5
ɪndɪgnəti, ti, 6
ɪndɪgəʊ, ɪn, 1
ɪndɪgəʊ, dɪ, 2
ɪndɪgəʊ, ɪg, 3
ɪndɪgəʊ, gəʊ, 4
ɪndɪvɪdʒuəlz, ɪn, 1
ɪndɪvɪdʒuəlz, dɪ, 2
ɪndɪvɪdʒuəlz, ɪv, 3
ɪndɪvɪdʒuəlz, vɪ, 4
ɪndɪvɪdʒuəlz, ɪdʒ, 5
ɪndɪvɪdʒuəlz, dʒu, 6
ɪndɪvɪdʒuəlz, əl, 7
ɪndʌldʒənt, ɪn, 1
ɪndʌldʒənt, dʌ, 2
ɪndʌldʒənt, ʌl, 3
ɪndʌldʒənt, dʒə, 4
ɪndʌldʒənt, ən, 5
ɪnfleɪm, ɪn, 1
ɪnfleɪm, leɪ, 2
ɪnfleɪm, eɪm, 3
ɪnfɔːml, ɪn, 1
ɪnfɔːml, fɔː, 2
ɪnfɔːml, ɔːm, 3
ɪnheɪl, ɪn, 1
ɪnheɪl, heɪ, 2
ɪnheɪl, eɪl, 3
ɪnsensətɪv, ɪn, 1
ɪnsensətɪv, se, 2
ɪnsensətɪv, en, 3
ɪnsensətɪv, sə, 4
ɪnsensətɪv, ət, 5
ɪnsensətɪv, tɪ, 6
ɪnsensətɪv, ɪv, 7
ɪnspekt, ɪn, 1
ɪnspekt, pe, 2
ɪnspekt, ek, 3
ɪnsɪdənsiz, ɪn, 1
ɪnsɪdənsiz, sɪ, 2
ɪnsɪdənsiz, ɪd, 3
ɪnsɪdənsiz, də, 4
ɪnsɪdənsiz, ən, 5
ɪnsɪdənsiz, si, 6
ɪnsɪdənsiz, iz, 7
ɪntenʃnz, ɪn, 1
ɪntenʃnz, te, 2
ɪntenʃnz, en, 3
ɪntəkɒntɪnentl, ɪn, 1
ɪntəkɒntɪnentl, tə, 2
ɪntəkɒntɪnentl, ək, 3
ɪntəkɒntɪnentl, kɒ, 4
ɪntəkɒntɪnentl, ɒn, 5
ɪntəkɒntɪnentl, tɪ, 6
ɪntəkɒntɪnentl, ɪn, 7
ɪntəkɒntɪnentl, ne, 8
ɪntəkɒntɪnentl, en, 9
ɪntərʌpʃn, ɪn, 1
ɪntərʌpʃn, tə, 2
ɪntərʌpʃn, ər, 3
ɪntərʌpʃn, rʌ, 4
ɪntərʌpʃn, ʌp, 5
ɪntəsepʃnz, ɪn, 1
ɪntəsepʃnz, tə, 2
ɪntəsepʃnz, əs, 3
ɪntəsepʃnz, se, 4
ɪntəsepʃnz, ep, 5
ɪntɜːnəli, ɪn, 1
ɪntɜːnəli, tɜː, 2
ɪntɜːnəli, ɜːn, 3
ɪntɜːnəli, nə, 4
ɪntɜːnəli, əl, 5
ɪntɜːnəli, li, 6
ɪntɜːprətər, ɪn, 1
ɪntɜːprətər, tɜː, 2
ɪntɜːprətər, ɜːp, 3
ɪntɜːprətər, rə, 4
ɪntɜːprətər, ət, 5
ɪntɜːprətər, tə, 6
ɪntɜːprətər, ər, 7
ɪntɪəriərz, ɪn, 1
ɪntɪəriərz, tɪə, 2
ɪntɪəriərz, ɪər, 3
ɪntɪəriərz, ri, 4
ɪnventərz, ɪn, 1
ɪnventərz, ve, 2
ɪnventərz, en, 3
ɪnventərz, tə, 4
ɪnventərz, ər, 5
ɪnventɪv, ɪn, 1
ɪnventɪv, ve, 2
ɪnventɪv, en, 3
ɪnventɪv, tɪ, 4
ɪnventɪv, ɪv, 5
ɪnvenʃnz, ɪn, 1
ɪnvenʃnz, ve, 2
ɪnvenʃnz, en, 3
ɪnvɒləntri, ɪn, 1
ɪnvɒləntri, vɒ, 2
ɪnvɒləntri, ɒl, 3
ɪnvɒləntri, lə, 4
ɪnvɒləntri, ən, 5
ɪnvɒləntri, ri, 6
ɪnvɪgəreɪtɪd, ɪn, 1
ɪnvɪgəreɪtɪd, vɪ, 2
ɪnvɪgəreɪtɪd, ɪg, 3
ɪnvɪgəreɪtɪd, gə, 4
ɪnvɪgəreɪtɪd, ər, 5
ɪnvɪgəreɪtɪd, reɪ, 6
ɪnvɪgəreɪtɪd, eɪt, 7
ɪnvɪgəreɪtɪd, tɪ, 8
ɪnvɪgəreɪtɪd, ɪd, 9
ɪregjəlærətiz, ɪr, 1
ɪregjəlærətiz, re, 2
ɪregjəlærətiz, eg, 3
ɪregjəlærətiz, jə, 4
ɪregjəlærətiz, əl, 5
ɪregjəlærətiz, læ, 6
ɪregjəlærətiz, ær, 7
ɪregjəlærətiz, rə, 8
ɪregjəlærətiz, ət, 9
ɪregjəlærətiz, ti, 10
ɪregjəlærətiz, iz, 11
ɪriəʊ, ɪr, 1
ɪriəʊ, ri, 2
ɪrɪgeɪt, ɪr, 1
ɪrɪgeɪt, rɪ, 2
ɪrɪgeɪt, ɪg, 3
ɪrɪgeɪt, geɪ, 4
ɪrɪgeɪt, eɪt, 5
ɪrɪzɪstəbl, ɪr, 1
ɪrɪzɪstəbl, rɪ, 2
ɪrɪzɪstəbl, ɪz, 3
ɪrɪzɪstəbl, zɪ, 4
ɪrɪzɪstəbl, ɪs, 5
ɪrɪzɪstəbl, tə, 6
ɪrɪzɪstəbl, əb, 7
ʃaɪnz, ʃaɪ, 1
ʃaɪnz, aɪn, 2
ʃelf, ʃe, 1
ʃelf, el, 2
ʃriː_gʊruː_sɪŋ_sɑːbə_gɜːdwɑːrə, riː, 1
ʃriː_gʊruː_sɪŋ_sɑːbə_gɜːdwɑːrə, gʊ, 2
ʃriː_gʊruː_sɪŋ_sɑːbə_gɜːdwɑːrə, ʊr, 3
ʃriː_gʊruː_sɪŋ_sɑːbə_gɜːdwɑːrə, ruː, 4
ʃriː_gʊruː_sɪŋ_sɑːbə_gɜːdwɑːrə, sɪ, 5
ʃriː_gʊruː_sɪŋ_sɑːbə_gɜːdwɑːrə, ɪŋ, 6
ʃriː_gʊruː_sɪŋ_sɑːbə_gɜːdwɑːrə, sɑː, 7
ʃriː_gʊruː_sɪŋ_sɑːbə_gɜːdwɑːrə, bə, 8
ʃriː_gʊruː_sɪŋ_sɑːbə_gɜːdwɑːrə, gɜː, 9
ʃriː_gʊruː_sɪŋ_sɑːbə_gɜːdwɑːrə, ɜːd, 10
ʃriː_gʊruː_sɪŋ_sɑːbə_gɜːdwɑːrə, wɑː, 11
ʃriː_gʊruː_sɪŋ_sɑːbə_gɜːdwɑːrə, ɑːr, 12
ʃriː_gʊruː_sɪŋ_sɑːbə_gɜːdwɑːrə, rə, 13
ʃriː_gʊruː_sɪŋ_sɑːbə_gɜːdwɑːrəz, riː, 1
ʃriː_gʊruː_sɪŋ_sɑːbə_gɜːdwɑːrəz, gʊ, 2
ʃriː_gʊruː_sɪŋ_sɑːbə_gɜːdwɑːrəz, ʊr, 3
ʃriː_gʊruː_sɪŋ_sɑːbə_gɜːdwɑːrəz, ruː, 4
ʃriː_gʊruː_sɪŋ_sɑːbə_gɜːdwɑːrəz, sɪ, 5
ʃriː_gʊruː_sɪŋ_sɑːbə_gɜːdwɑːrəz, ɪŋ, 6
ʃriː_gʊruː_sɪŋ_sɑːbə_gɜːdwɑːrəz, sɑː, 7
ʃriː_gʊruː_sɪŋ_sɑːbə_gɜːdwɑːrəz, bə, 8
ʃriː_gʊruː_sɪŋ_sɑːbə_gɜːdwɑːrəz, gɜː, 9
ʃriː_gʊruː_sɪŋ_sɑːbə_gɜːdwɑːrəz, ɜːd, 10
ʃriː_gʊruː_sɪŋ_sɑːbə_gɜːdwɑːrəz, wɑː, 11
ʃriː_gʊruː_sɪŋ_sɑːbə_gɜːdwɑːrəz, ɑːr, 12
ʃriː_gʊruː_sɪŋ_sɑːbə_gɜːdwɑːrəz, rə, 13
ʃriː_gʊruː_sɪŋ_sɑːbə_gɜːdwɑːrəz, əz, 14
ʃuːmeɪkər, ʃuː, 1
ʃuːmeɪkər, uːm, 2
ʃuːmeɪkər, meɪ, 3
ʃuːmeɪkər, eɪk, 4
ʃuːmeɪkər, kə, 5
ʃuːmeɪkər, ər, 6
ʃæklz, ʃæ, 1
ʃæklz, æk, 2
ʃæks, ʃæ, 1
ʃæks, æk, 2
ʃɒkər, ʃɒ, 1
ʃɒkər, ɒk, 2
ʃɒkər, kə, 3
ʃɒkər, ər, 4
ʃɒphaʊs, ʃɒ, 1
ʃɒphaʊs, ɒp, 2
ʃɒphaʊs, haʊ, 3
ʃɒphaʊs, aʊs, 4
ʃɒphaʊsiz, ʃɒ, 1
ʃɒphaʊsiz, ɒp, 2
ʃɒphaʊsiz, haʊ, 3
ʃɒphaʊsiz, aʊs, 4
ʃɒphaʊsiz, si, 5
ʃɒphaʊsiz, iz, 6
ʃəlɒts, ʃə, 1
ʃəlɒts, əl, 2
ʃəlɒts, lɒ, 3
ʃəlɒts, ɒt, 4
ʃəʊkeɪst, ʃəʊ, 1
ʃəʊkeɪst, əʊk, 2
ʃəʊkeɪst, keɪ, 3
ʃəʊkeɪst, eɪs, 4
ʃɪmiɪŋ, ʃɪ, 1
ʃɪmiɪŋ, ɪm, 2
ʃɪmiɪŋ, mi, 3
ʃɪmiɪŋ, ɪŋ, 4
ʃɪps, ʃɪ, 1
ʃɪps, ɪp, 2
ʃʊgər, ʃʊ, 1
ʃʊgər, ʊg, 2
ʃʊgər, gə, 3
ʃʊgər, ər, 4
ʃʌtdaʊnz, ʃʌ, 1
ʃʌtdaʊnz, ʌt, 2
ʃʌtdaʊnz, daʊ, 3
ʃʌtdaʊnz, aʊn, 4
ʃʌtərz, ʃʌ, 1
ʃʌtərz, ʌt, 2
ʃʌtərz, tə, 3
ʃʌtərz, ər, 4
ʌmbrelə, ʌm, 1
ʌmbrelə, re, 2
ʌmbrelə, el, 3
ʌmbrelə, lə, 4
ʌnbiːtn, ʌn, 1
ʌnbiːtn, biː, 2
ʌnbiːtn, iːt, 3
ʌndədɒg, ʌn, 1
ʌndədɒg, də, 2
ʌndədɒg, əd, 3
ʌndədɒg, dɒ, 4
ʌndədɒg, ɒg, 5
ʌndəpəliːst, ʌn, 1
ʌndəpəliːst, də, 2
ʌndəpəliːst, əp, 3
ʌndəpəliːst, pə, 4
ʌndəpəliːst, əl, 5
ʌndəpəliːst, liː, 6
ʌndəpəliːst, iːs, 7
ʌndərɑːmz, ʌn, 1
ʌndərɑːmz, də, 2
ʌndərɑːmz, ər, 3
ʌndərɑːmz, rɑː, 4
ʌndərɑːmz, ɑːm, 5
ʌndəskɔːd, ʌn, 1
ʌndəskɔːd, də, 2
ʌndəskɔːd, əs, 3
ʌndəskɔːd, kɔː, 4
ʌndəskɔːd, ɔːd, 5
ʌndɪfiːtɪd, ʌn, 1
ʌndɪfiːtɪd, dɪ, 2
ʌndɪfiːtɪd, ɪf, 3
ʌndɪfiːtɪd, fiː, 4
ʌndɪfiːtɪd, iːt, 5
ʌndɪfiːtɪd, tɪ, 6
ʌndɪfiːtɪd, ɪd, 7
ʌnfeɪzd, ʌn, 1
ʌnfeɪzd, feɪ, 2
ʌnfeɪzd, eɪz, 3
ʌnfɜːld, ʌn, 1
ʌnfɜːld, fɜː, 2
ʌnfɜːld, ɜːl, 3
ʌnhɑːmd, ʌn, 1
ʌnhɑːmd, hɑː, 2
ʌnhɑːmd, ɑːm, 3
ʌniːkwəl, ʌn, 1
ʌniːkwəl, niː, 2
ʌniːkwəl, iːk, 3
ʌniːkwəl, wə, 4
ʌniːkwəl, əl, 5
ʌnjuːzəbl, ʌn, 1
ʌnjuːzəbl, juː, 2
ʌnjuːzəbl, uːz, 3
ʌnjuːzəbl, zə, 4
ʌnjuːzəbl, əb, 5
ʌnklɪər, ʌn, 1
ʌnklɪər, lɪə, 2
ʌnklɪər, ɪər, 3
ʌnlaɪsnst, ʌn, 1
ʌnlaɪsnst, laɪ, 2
ʌnlaɪsnst, aɪs, 3
ʌnlɔːfl, ʌn, 1
ʌnlɔːfl, lɔː, 2
ʌnlɔːfl, ɔːf, 3
ʌnmætʃt, ʌn, 1
ʌnmætʃt, mæ, 2
ʌnmætʃt, ætʃ, 3
ʌnraɪvld, ʌn, 1
ʌnraɪvld, raɪ, 2
ʌnraɪvld, aɪv, 3
ʌnredʒɪstəd, ʌn, 1
ʌnredʒɪstəd, re, 2
ʌnredʒɪstəd, edʒ, 3
ʌnredʒɪstəd, dʒɪ, 4
ʌnredʒɪstəd, ɪs, 5
ʌnredʒɪstəd, tə, 6
ʌnredʒɪstəd, əd, 7
ʌnsed, ʌn, 1
ʌnsed, se, 2
ʌnsed, ed, 3
ʌnwel, ʌn, 1
ʌnwel, we, 2
ʌnwel, el, 3
ʌnədrest, ʌn, 1
ʌnədrest, nə, 2
ʌnədrest, əd, 3
ʌnədrest, re, 4
ʌnədrest, es, 5
ʌnəfɪʃəli, ʌn, 1
ʌnəfɪʃəli, nə, 2
ʌnəfɪʃəli, əf, 3
ʌnəfɪʃəli, fɪ, 4
ʌnəfɪʃəli, ɪʃ, 5
ʌnəfɪʃəli, ʃə, 6
ʌnəfɪʃəli, əl, 7
ʌnəfɪʃəli, li, 8
ʌnəkseptəbl, ʌn, 1
ʌnəkseptəbl, nə, 2
ʌnəkseptəbl, ək, 3
ʌnəkseptəbl, se, 4
ʌnəkseptəbl, ep, 5
ʌnəkseptəbl, tə, 6
ʌnəkseptəbl, əb, 7
ʌnɪkspektɪdli, ʌn, 1
ʌnɪkspektɪdli, nɪ, 2
ʌnɪkspektɪdli, ɪk, 3
ʌnɪkspektɪdli, pe, 4
ʌnɪkspektɪdli, ek, 5
ʌnɪkspektɪdli, tɪ, 6
ʌnɪkspektɪdli, ɪd, 7
ʌnɪkspektɪdli, li, 8
ʌpendɪd, ʌp, 1
ʌpendɪd, pe, 2
ʌpendɪd, en, 3
ʌpendɪd, dɪ, 4
ʌpendɪd, ɪd, 5
ʌpləʊdɪd, ʌp, 1
ʌpləʊdɪd, ləʊ, 2
ʌpləʊdɪd, əʊd, 3
ʌpləʊdɪd, dɪ, 4
ʌpləʊdɪd, ɪd, 5
ʌpmɑːkɪt, ʌp, 1
ʌpmɑːkɪt, mɑː, 2
ʌpmɑːkɪt, ɑːk, 3
ʌpmɑːkɪt, kɪ, 4
ʌpmɑːkɪt, ɪt, 5
ʌptɪk, ʌp, 1
ʌptɪk, tɪ, 2
ʌptɪk, ɪk, 3
ʒɒ̃rəz, ʒɒ, 1
ʒɒ̃rəz, rə, 2
ʒɒ̃rəz, əz, 3
θerəpiz, θe, 1
θerəpiz, er, 2
θerəpiz, rə, 3
θerəpiz, əp, 4
θerəpiz, pi, 5
θerəpiz, iz, 6
θriː_kwɔːtərz, riː, 1
θriː_kwɔːtərz, wɔː, 2
θriː_kwɔːtərz, ɔːt, 3
θriː_kwɔːtərz, tə, 4
θriː_kwɔːtərz, ər, 5
θrəʊbæk, rəʊ, 1
θrəʊbæk, əʊb, 2
θrəʊbæk, bæ, 3
θrəʊbæk, æk, 4
